image,split,date,time,total_boxes,total_weight_kg,occupied_slots,empty_slots,occupancy_pct,boxes_level1,boxes_level2,boxes_level3,boxes_level4,inbound_boxes,outbound_boxes,cold_room_temp_c,humidity_pct
train/wh_00000.jpg,train,2025-01-01,09:00,69,690,9,7,56.2,15,24,15,15,0,0,-18.7,89.4
test/wh_00001.jpg,test,2025-01-02,10:00,60,600,8,8,50.0,12,24,9,15,0,9,-20.3,85.8
train/wh_00002.jpg,train,2025-01-03,09:00,63,630,10,6,62.5,18,15,6,24,24,21,-21.0,79.1
train/wh_00003.jpg,train,2025-01-04,14:00,60,600,10,6,62.5,27,12,6,15,9,12,-20.3,85.0
val/wh_00004.jpg,val,2025-01-05,16:00,69,690,11,5,68.8,27,6,21,15,15,6,-20.5,79.4
train/wh_00005.jpg,train,2025-01-06,16:00,60,600,10,6,62.5,24,0,21,15,0,9,-20.4,81.6
test/wh_00006.jpg,test,2025-01-07,10:00,63,630,11,5,68.8,24,0,24,15,3,0,-20.6,79.9
val/wh_00007.jpg,val,2025-01-08,08:00,57,570,10,6,62.5,24,0,15,18,3,9,-20.6,80.0
train/wh_00008.jpg,train,2025-01-09,16:00,54,540,10,6,62.5,24,0,15,15,0,3,-19.4,91.1
train/wh_00009.jpg,train,2025-01-10,15:00,45,450,8,8,50.0,24,0,15,6,0,9,-19.3,84.7
train/wh_00010.jpg,train,2025-01-11,14:00,48,480,8,8,50.0,18,0,15,15,9,6,-18.8,88.9
train/wh_00011.jpg,train,2025-01-12,16:00,54,540,9,7,56.2,18,0,15,21,6,0,-19.9,85.0
train/wh_00012.jpg,train,2025-01-13,14:00,63,630,11,5,68.8,18,9,15,21,12,3,-20.6,79.6
train/wh_00013.jpg,train,2025-01-14,16:00,60,600,10,6,62.5,12,15,15,18,6,9,-20.2,90.7
test/wh_00014.jpg,test,2025-01-15,16:00,54,540,9,7,56.2,12,15,15,12,9,15,-21.6,81.9
train/wh_00015.jpg,train,2025-01-16,09:00,51,510,8,8,50.0,12,9,18,12,9,12,-20.4,82.1
val/wh_00016.jpg,val,2025-01-17,08:00,48,480,8,8,50.0,12,9,15,12,15,18,-17.7,91.8
train/wh_00017.jpg,train,2025-01-18,15:00,51,510,9,7,56.2,12,12,15,12,6,3,-19.8,80.8
train/wh_00018.jpg,train,2025-01-19,08:00,45,450,8,8,50.0,6,12,15,12,0,6,-20.3,91.3
val/wh_00019.jpg,val,2025-01-20,15:00,48,480,7,9,43.8,3,21,15,9,9,6,-19.0,80.1
train/wh_00020.jpg,train,2025-01-21,15:00,45,450,7,9,43.8,3,12,21,9,6,9,-19.2,89.7
train/wh_00021.jpg,train,2025-01-22,08:00,42,420,7,9,43.8,3,9,21,9,0,3,-19.9,87.2
train/wh_00022.jpg,train,2025-01-23,15:00,48,480,8,8,50.0,9,9,21,9,15,9,-20.2,78.6
test/wh_00023.jpg,test,2025-01-24,08:00,39,390,7,9,43.8,9,9,12,9,0,9,-19.6,89.7
train/wh_00024.jpg,train,2025-01-25,09:00,45,450,8,8,50.0,9,9,12,15,6,0,-18.9,86.0
train/wh_00025.jpg,train,2025-01-26,15:00,57,570,10,6,62.5,12,9,12,24,12,0,-19.4,82.0
train/wh_00026.jpg,train,2025-01-27,10:00,66,660,11,5,68.8,12,9,21,24,9,0,-21.4,84.8
train/wh_00027.jpg,train,2025-01-28,15:00,57,570,10,6,62.5,21,9,3,24,9,18,-20.1,87.2
train/wh_00028.jpg,train,2025-01-29,09:00,63,630,11,5,68.8,21,9,9,24,6,0,-19.6,88.0
train/wh_00029.jpg,train,2025-01-30,09:00,72,720,13,3,81.2,21,15,12,24,9,0,-19.0,79.4
val/wh_00030.jpg,val,2025-01-31,09:00,69,690,13,3,81.2,21,18,12,18,3,6,-20.2,80.9
train/wh_00031.jpg,train,2025-02-01,15:00,66,660,13,3,81.2,21,15,12,18,0,3,-22.4,80.8
train/wh_00032.jpg,train,2025-02-02,10:00,66,660,13,3,81.2,21,15,12,18,0,0,-21.8,85.7
train/wh_00033.jpg,train,2025-02-03,09:00,69,690,13,3,81.2,21,12,21,15,9,6,-21.2,87.8
train/wh_00034.jpg,train,2025-02-04,16:00,75,750,14,2,87.5,21,12,21,21,6,0,-20.4,85.6
train/wh_00035.jpg,train,2025-02-05,08:00,75,750,13,3,81.2,15,18,21,21,9,9,-19.2,79.6
train/wh_00036.jpg,train,2025-02-06,16:00,69,690,12,4,75.0,18,18,12,21,6,12,-19.1,88.9
train/wh_00037.jpg,train,2025-02-07,08:00,75,750,12,4,75.0,24,18,12,21,9,3,-20.4,84.4
train/wh_00038.jpg,train,2025-02-08,08:00,90,900,15,1,93.8,30,21,12,27,15,0,-20.3,84.8
test/wh_00039.jpg,test,2025-02-09,14:00,78,780,13,3,81.2,30,21,3,24,0,12,-19.9,81.3
train/wh_00040.jpg,train,2025-02-10,08:00,84,840,14,2,87.5,30,21,12,21,9,3,-19.9,87.3
train/wh_00041.jpg,train,2025-02-11,15:00,78,780,14,2,87.5,27,21,12,18,0,6,-18.3,87.2
train/wh_00042.jpg,train,2025-02-12,10:00,72,720,13,3,81.2,27,21,12,12,0,6,-19.9,79.7
test/wh_00043.jpg,test,2025-02-13,16:00,57,570,11,5,68.8,27,6,12,12,0,15,-20.3,87.2
train/wh_00044.jpg,train,2025-02-14,09:00,63,630,12,4,75.0,27,12,12,12,6,0,-20.3,84.7
train/wh_00045.jpg,train,2025-02-15,08:00,51,510,10,6,62.5,18,12,12,9,9,21,-20.4,82.1
train/wh_00046.jpg,train,2025-02-16,14:00,36,360,8,8,50.0,9,12,12,3,0,15,-20.3,84.7
train/wh_00047.jpg,train,2025-02-17,15:00,45,450,9,7,56.2,15,9,18,3,12,3,-19.5,84.7
train/wh_00048.jpg,train,2025-02-18,08:00,39,390,9,7,56.2,15,3,15,6,3,9,-18.2,88.6
train/wh_00049.jpg,train,2025-02-19,10:00,36,360,8,8,50.0,6,18,6,6,15,18,-19.0,80.5
train/wh_00050.jpg,train,2025-02-20,09:00,33,330,7,9,43.8,6,12,3,12,6,9,-22.2,82.2
train/wh_00051.jpg,train,2025-02-21,10:00,60,600,11,5,68.8,6,21,21,12,27,0,-20.8,89.5
train/wh_00052.jpg,train,2025-02-22,09:00,84,840,14,2,87.5,12,30,21,21,24,0,-20.9,89.7
train/wh_00053.jpg,train,2025-02-23,16:00,78,780,13,3,81.2,9,27,21,21,3,9,-19.3,85.9
train/wh_00054.jpg,train,2025-02-24,08:00,75,750,14,2,87.5,12,24,21,18,3,6,-20.0,88.4
train/wh_00055.jpg,train,2025-02-25,14:00,54,540,11,5,68.8,9,24,12,9,0,21,-20.2,86.7
train/wh_00056.jpg,train,2025-02-26,08:00,54,540,11,5,68.8,9,24,12,9,0,0,-19.9,82.8
train/wh_00057.jpg,train,2025-02-27,16:00,42,420,7,9,43.8,6,24,9,3,0,12,-17.8,78.8
train/wh_00058.jpg,train,2025-02-28,14:00,36,360,6,10,37.5,0,24,9,3,0,6,-22.0,91.2
train/wh_00059.jpg,train,2025-03-01,15:00,33,330,6,10,37.5,0,15,15,3,6,9,-19.7,86.5
train/wh_00060.jpg,train,2025-03-02,09:00,45,450,8,8,50.0,12,15,15,3,12,0,-22.3,82.5
train/wh_00061.jpg,train,2025-03-03,08:00,51,510,8,8,50.0,12,6,21,12,18,12,-21.9,90.3
train/wh_00062.jpg,train,2025-03-04,08:00,54,540,8,8,50.0,12,15,15,12,9,6,-19.8,85.8
train/wh_00063.jpg,train,2025-03-05,16:00,60,600,9,7,56.2,21,15,15,9,9,3,-17.8,88.5
test/wh_00064.jpg,test,2025-03-06,10:00,60,600,9,7,56.2,21,15,15,9,0,0,-19.3,91.2
train/wh_00065.jpg,train,2025-03-07,16:00,66,660,10,6,62.5,18,15,15,18,9,3,-21.0,86.0
train/wh_00066.jpg,train,2025-03-08,14:00,75,750,11,5,68.8,18,15,24,18,18,9,-20.5,91.8
train/wh_00067.jpg,train,2025-03-09,14:00,75,750,11,5,68.8,18,15,24,18,0,0,-18.5,78.3
train/wh_00068.jpg,train,2025-03-10,08:00,72,720,11,5,68.8,18,21,24,9,6,9,-19.5,82.1
train/wh_00069.jpg,train,2025-03-11,16:00,60,600,10,6,62.5,18,12,21,9,0,12,-20.5,79.7
train/wh_00070.jpg,train,2025-03-12,16:00,69,690,11,5,68.8,18,12,21,18,9,0,-18.5,79.3
train/wh_00071.jpg,train,2025-03-13,15:00,69,690,11,5,68.8,15,18,21,15,6,6,-22.3,80.9
train/wh_00072.jpg,train,2025-03-14,15:00,63,630,10,6,62.5,15,18,21,9,0,6,-20.4,86.6
val/wh_00073.jpg,val,2025-03-15,16:00,54,540,9,7,56.2,15,18,12,9,0,9,-21.2,80.8
train/wh_00074.jpg,train,2025-03-16,10:00,45,450,8,8,50.0,12,18,12,3,0,9,-19.1,91.2
train/wh_00075.jpg,train,2025-03-17,09:00,51,510,9,7,56.2,6,18,18,9,12,6,-19.3,81.8
train/wh_00076.jpg,train,2025-03-18,08:00,48,480,9,7,56.2,6,21,12,9,6,9,-19.5,88.3
train/wh_00077.jpg,train,2025-03-19,16:00,51,510,9,7,56.2,6,18,18,9,6,3,-20.1,83.9
train/wh_00078.jpg,train,2025-03-20,10:00,39,390,7,9,43.8,6,9,15,9,0,12,-18.8,87.9
train/wh_00079.jpg,train,2025-03-21,10:00,39,390,8,8,50.0,6,15,6,12,9,9,-20.7,82.1
train/wh_00080.jpg,train,2025-03-22,10:00,51,510,9,7,56.2,21,15,6,9,21,9,-19.1,83.9
val/wh_00081.jpg,val,2025-03-23,08:00,51,510,9,7,56.2,21,15,6,9,0,0,-20.9,91.9
train/wh_00082.jpg,train,2025-03-24,15:00,57,570,10,6,62.5,21,12,6,18,9,3,-19.6,91.0
train/wh_00083.jpg,train,2025-03-25,16:00,63,630,10,6,62.5,30,12,6,15,9,3,-20.4,78.2
train/wh_00084.jpg,train,2025-03-26,10:00,75,750,11,5,68.8,30,18,15,12,18,6,-20.5,89.9
val/wh_00085.jpg,val,2025-03-27,08:00,54,540,9,7,56.2,30,9,9,6,3,24,-21.7,80.4
train/wh_00086.jpg,train,2025-03-28,10:00,48,480,9,7,56.2,18,15,9,6,6,12,-20.0,81.5
train/wh_00087.jpg,train,2025-03-29,14:00,57,570,10,6,62.5,18,15,18,6,9,0,-20.0,86.7
train/wh_00088.jpg,train,2025-03-30,10:00,57,570,10,6,62.5,18,9,18,12,6,6,-19.8,89.3
train/wh_00089.jpg,train,2025-03-31,15:00,60,600,11,5,68.8,18,12,18,12,3,0,-23.4,90.7
val/wh_00090.jpg,val,2025-04-01,14:00,57,570,10,6,62.5,12,6,27,12,9,12,-20.8,79.6
train/wh_00091.jpg,train,2025-04-02,08:00,60,600,10,6,62.5,12,15,27,6,9,6,-21.1,91.3
train/wh_00092.jpg,train,2025-04-03,15:00,63,630,10,6,62.5,21,15,27,0,9,6,-20.3,79.4
train/wh_00093.jpg,train,2025-04-04,16:00,45,450,8,8,50.0,3,15,27,0,0,18,-21.3,81.9
train/wh_00094.jpg,train,2025-04-05,14:00,48,480,8,8,50.0,3,12,27,6,6,3,-19.7,83.0
train/wh_00095.jpg,train,2025-04-06,10:00,51,510,8,8,50.0,12,12,21,6,9,6,-21.1,90.1
test/wh_00096.jpg,test,2025-04-07,14:00,51,510,8,8,50.0,12,12,21,6,3,3,-19.0,84.8
train/wh_00097.jpg,train,2025-04-08,10:00,51,510,8,8,50.0,12,12,21,6,0,0,-18.1,79.1
train/wh_00098.jpg,train,2025-04-09,10:00,51,510,8,8,50.0,12,12,27,0,6,6,-19.4,91.8
train/wh_00099.jpg,train,2025-04-10,08:00,63,630,10,6,62.5,9,21,27,6,15,3,-20.4,84.1
train/wh_00100.jpg,train,2025-04-11,14:00,63,630,10,6,62.5,9,21,27,6,0,0,-19.4,87.5
train/wh_00101.jpg,train,2025-04-12,15:00,69,690,10,6,62.5,9,21,24,15,9,3,-19.2,81.7
val/wh_00102.jpg,val,2025-04-13,16:00,60,600,9,7,56.2,9,21,15,15,0,9,-18.0,91.4
val/wh_00103.jpg,val,2025-04-14,14:00,60,600,9,7,56.2,9,21,15,15,0,0,-18.5,87.2
val/wh_00104.jpg,val,2025-04-15,15:00,66,660,10,6,62.5,9,21,12,24,9,3,-20.3,81.4
train/wh_00105.jpg,train,2025-04-16,16:00,60,600,8,8,50.0,6,21,9,24,0,6,-19.2,82.4
train/wh_00106.jpg,train,2025-04-17,14:00,72,720,9,7,56.2,15,21,18,18,18,6,-19.1,82.1
train/wh_00107.jpg,train,2025-04-18,09:00,72,720,10,6,62.5,12,21,18,21,6,6,-20.8,88.4
train/wh_00108.jpg,train,2025-04-19,15:00,54,540,8,8,50.0,12,21,6,15,0,18,-23.1,84.3
train/wh_00109.jpg,train,2025-04-20,15:00,45,450,7,9,43.8,12,21,6,6,0,9,-17.9,91.4
test/wh_00110.jpg,test,2025-04-21,10:00,60,600,9,7,56.2,21,27,6,6,15,0,-21.1,82.9
train/wh_00111.jpg,train,2025-04-22,15:00,69,690,10,6,62.5,21,27,6,15,9,0,-18.6,82.4
train/wh_00112.jpg,train,2025-04-23,16:00,66,660,10,6,62.5,21,21,9,15,3,6,-20.6,81.1
train/wh_00113.jpg,train,2025-04-24,14:00,57,570,9,7,56.2,21,12,9,15,0,9,-20.5,88.3
train/wh_00114.jpg,train,2025-04-25,09:00,60,600,9,7,56.2,21,21,9,9,9,6,-21.6,90.9
train/wh_00115.jpg,train,2025-04-26,14:00,75,750,10,6,62.5,27,30,9,9,24,9,-17.5,81.4
val/wh_00116.jpg,val,2025-04-27,14:00,72,720,10,6,62.5,24,21,9,18,9,12,-20.9,91.2
val/wh_00117.jpg,val,2025-04-28,10:00,78,780,10,6,62.5,21,21,18,18,9,3,-19.4,90.9
test/wh_00118.jpg,test,2025-04-29,16:00,63,630,9,7,56.2,21,18,9,15,0,15,-20.1,88.9
val/wh_00119.jpg,val,2025-04-30,09:00,60,600,9,7,56.2,12,18,9,21,9,12,-18.7,84.3
test/wh_00120.jpg,test,2025-05-01,16:00,51,510,8,8,50.0,12,12,9,18,0,9,-21.6,86.4
train/wh_00121.jpg,train,2025-05-02,10:00,51,510,8,8,50.0,12,12,9,18,0,0,-16.9,84.4
train/wh_00122.jpg,train,2025-05-03,08:00,51,510,8,8,50.0,12,12,9,18,0,0,-21.0,83.6
train/wh_00123.jpg,train,2025-05-04,09:00,36,360,6,10,37.5,12,6,0,18,0,15,-19.5,91.6
test/wh_00124.jpg,test,2025-05-05,16:00,27,270,5,11,31.2,3,6,0,18,0,9,-19.5,85.8
train/wh_00125.jpg,train,2025-05-06,16:00,21,210,5,11,31.2,6,6,0,9,3,9,-18.9,80.2
train/wh_00126.jpg,train,2025-05-07,08:00,27,270,5,11,31.2,3,15,0,9,9,3,-20.4,86.9
train/wh_00127.jpg,train,2025-05-08,14:00,33,330,5,11,31.2,3,15,0,15,9,3,-22.4,80.8
train/wh_00128.jpg,train,2025-05-09,16:00,42,420,6,10,37.5,3,30,0,9,15,6,-21.5,80.7
train/wh_00129.jpg,train,2025-05-10,16:00,57,570,8,8,50.0,6,30,12,9,18,3,-20.2,80.0
test/wh_00130.jpg,test,2025-05-11,09:00,54,540,8,8,50.0,6,30,18,0,9,12,-23.3,90.9
test/wh_00131.jpg,test,2025-05-12,16:00,54,540,8,8,50.0,6,30,18,0,0,0,-19.3,87.1
train/wh_00132.jpg,train,2025-05-13,14:00,51,510,8,8,50.0,3,27,12,9,9,12,-20.7,87.9
train/wh_00133.jpg,train,2025-05-14,15:00,45,450,7,9,43.8,3,21,12,9,0,6,-21.0,89.4
train/wh_00134.jpg,train,2025-05-15,15:00,36,360,6,10,37.5,3,21,12,0,0,9,-19.3,79.2
train/wh_00135.jpg,train,2025-05-16,08:00,36,360,6,10,37.5,0,24,12,0,3,3,-22.0,78.4
train/wh_00136.jpg,train,2025-05-17,16:00,48,480,8,8,50.0,6,18,24,0,18,6,-18.6,83.8
train/wh_00137.jpg,train,2025-05-18,16:00,63,630,10,6,62.5,15,18,24,6,15,0,-18.8,79.1
test/wh_00138.jpg,test,2025-05-19,15:00,51,510,10,6,62.5,12,18,12,9,3,15,-18.9,90.6
val/wh_00139.jpg,val,2025-05-20,15:00,51,510,10,6,62.5,12,18,12,9,0,0,-21.0,78.4
val/wh_00140.jpg,val,2025-05-21,14:00,60,600,11,5,68.8,12,24,18,6,15,6,-18.4,83.2
test/wh_00141.jpg,test,2025-05-22,15:00,57,570,10,6,62.5,12,24,15,6,0,3,-17.6,85.3
train/wh_00142.jpg,train,2025-05-23,14:00,57,570,9,7,56.2,21,21,15,0,9,9,-21.4,90.6
train/wh_00143.jpg,train,2025-05-24,09:00,69,690,11,5,68.8,21,21,15,12,12,0,-19.3,88.7
train/wh_00144.jpg,train,2025-05-25,08:00,66,660,10,6,62.5,21,21,12,12,0,3,-22.7,84.5
test/wh_00145.jpg,test,2025-05-26,16:00,66,660,10,6,62.5,21,21,12,12,0,0,-19.4,80.2
train/wh_00146.jpg,train,2025-05-27,15:00,66,660,10,6,62.5,18,24,12,12,3,3,-21.3,80.7
train/wh_00147.jpg,train,2025-05-28,15:00,72,720,11,5,68.8,18,24,18,12,6,0,-19.0,88.3
val/wh_00148.jpg,val,2025-05-29,16:00,81,810,12,4,75.0,27,24,18,12,9,0,-22.0,90.6
train/wh_00149.jpg,train,2025-05-30,10:00,90,900,13,3,81.2,27,24,18,21,9,0,-19.4,89.7
val/wh_00150.jpg,val,2025-05-31,16:00,66,660,10,6,62.5,18,18,18,12,0,24,-17.2,88.0
train/wh_00151.jpg,train,2025-06-01,14:00,72,720,10,6,62.5,18,18,18,18,9,3,-20.0,79.2
train/wh_00152.jpg,train,2025-06-02,16:00,69,690,11,5,68.8,24,15,12,18,6,9,-18.3,86.3
train/wh_00153.jpg,train,2025-06-03,15:00,66,660,10,6,62.5,15,15,18,18,9,12,-20.4,85.8
val/wh_00154.jpg,val,2025-06-04,14:00,54,540,9,7,56.2,15,15,15,9,0,12,-20.1,80.7
train/wh_00155.jpg,train,2025-06-05,10:00,54,540,9,7,56.2,21,9,15,9,9,9,-19.7,89.0
train/wh_00156.jpg,train,2025-06-06,14:00,51,510,9,7,56.2,12,9,15,15,6,9,-18.3,90.9
train/wh_00157.jpg,train,2025-06-07,15:00,45,450,8,8,50.0,6,15,9,15,6,12,-19.1,79.0
train/wh_00158.jpg,train,2025-06-08,08:00,51,510,9,7,56.2,12,15,9,15,6,0,-21.7,87.4
train/wh_00159.jpg,train,2025-06-09,10:00,60,600,9,7,56.2,6,12,18,24,18,9,-20.1,84.4
train/wh_00160.jpg,train,2025-06-10,10:00,63,630,9,7,56.2,6,6,18,33,9,6,-18.4,88.5
test/wh_00161.jpg,test,2025-06-11,08:00,63,630,9,7,56.2,9,0,21,33,12,12,-20.6,83.1
train/wh_00162.jpg,train,2025-06-12,15:00,72,720,10,6,62.5,9,9,21,33,9,0,-22.4,89.5
train/wh_00163.jpg,train,2025-06-13,08:00,60,600,7,9,43.8,15,9,18,18,9,21,-18.8,90.7
val/wh_00164.jpg,val,2025-06-14,09:00,66,660,8,8,50.0,21,9,18,18,6,0,-21.2,90.4
train/wh_00165.jpg,train,2025-06-15,14:00,51,510,6,10,37.5,6,9,18,18,0,15,-20.0,80.3
train/wh_00166.jpg,train,2025-06-16,15:00,57,570,7,9,43.8,6,15,18,18,6,0,-19.1,79.2
val/wh_00167.jpg,val,2025-06-17,16:00,57,570,7,9,43.8,6,15,18,18,0,0,-20.5,89.6
train/wh_00168.jpg,train,2025-06-18,10:00,63,630,8,8,50.0,6,12,18,27,18,12,-20.9,83.6
train/wh_00169.jpg,train,2025-06-19,15:00,66,660,9,7,56.2,6,12,21,27,12,9,-20.2,83.6
train/wh_00170.jpg,train,2025-06-20,14:00,63,630,9,7,56.2,6,12,18,27,0,3,-17.8,85.9
train/wh_00171.jpg,train,2025-06-21,16:00,72,720,10,6,62.5,15,12,18,27,9,0,-18.8,86.3
train/wh_00172.jpg,train,2025-06-22,16:00,66,660,9,7,56.2,15,12,12,27,0,6,-20.6,84.0
train/wh_00173.jpg,train,2025-06-23,08:00,63,630,8,8,50.0,24,9,12,18,9,12,-21.7,84.4
train/wh_00174.jpg,train,2025-06-24,16:00,66,660,8,8,50.0,27,9,12,18,9,6,-20.4,84.1
test/wh_00175.jpg,test,2025-06-25,08:00,63,630,8,8,50.0,27,18,9,9,9,12,-21.2,79.3
train/wh_00176.jpg,train,2025-06-26,09:00,78,780,10,6,62.5,27,18,18,15,15,0,-20.4,87.7
train/wh_00177.jpg,train,2025-06-27,16:00,78,780,10,6,62.5,27,18,18,15,0,0,-21.1,83.6
train/wh_00178.jpg,train,2025-06-28,08:00,87,870,12,4,75.0,24,18,18,27,12,3,-20.1,81.8
train/wh_00179.jpg,train,2025-06-29,15:00,90,900,13,3,81.2,24,18,24,24,6,3,-18.7,87.2
train/wh_00180.jpg,train,2025-06-30,15:00,81,810,12,4,75.0,24,18,24,15,0,9,-21.1,88.5
train/wh_00181.jpg,train,2025-07-01,09:00,69,690,11,5,68.8,15,18,24,12,0,12,-17.8,78.3
train/wh_00182.jpg,train,2025-07-02,08:00,66,660,11,5,68.8,15,15,24,12,0,3,-19.0,85.4
train/wh_00183.jpg,train,2025-07-03,14:00,63,630,10,6,62.5,18,15,18,12,9,12,-19.8,86.4
train/wh_00184.jpg,train,2025-07-04,16:00,78,780,12,4,75.0,18,24,18,18,15,0,-20.9,85.6
train/wh_00185.jpg,train,2025-07-05,09:00,78,780,12,4,75.0,18,24,18,18,0,0,-20.8,81.1
test/wh_00186.jpg,test,2025-07-06,14:00,57,570,9,7,56.2,18,9,18,12,9,30,-16.8,79.8
train/wh_00187.jpg,train,2025-07-07,08:00,51,510,9,7,56.2,9,9,18,15,6,12,-20.1,79.1
train/wh_00188.jpg,train,2025-07-08,08:00,60,600,11,5,68.8,15,18,15,12,18,9,-19.8,91.7
val/wh_00189.jpg,val,2025-07-09,08:00,57,570,10,6,62.5,15,18,12,12,0,3,-18.9,78.4
train/wh_00190.jpg,train,2025-07-10,09:00,63,630,11,5,68.8,15,18,18,12,6,0,-19.3,80.1
val/wh_00191.jpg,val,2025-07-11,09:00,63,630,11,5,68.8,15,18,18,12,0,0,-21.3,84.5
train/wh_00192.jpg,train,2025-07-12,08:00,69,690,11,5,68.8,15,27,18,9,9,3,-18.0,83.6
test/wh_00193.jpg,test,2025-07-13,14:00,54,540,9,7,56.2,3,18,18,15,6,21,-17.6,83.0
train/wh_00194.jpg,train,2025-07-14,15:00,54,540,9,7,56.2,3,18,18,15,0,0,-19.8,80.8
train/wh_00195.jpg,train,2025-07-15,08:00,39,390,7,9,43.8,6,9,12,12,3,18,-18.9,84.6
train/wh_00196.jpg,train,2025-07-16,10:00,60,600,10,6,62.5,15,15,12,18,21,0,-22.1,78.5
train/wh_00197.jpg,train,2025-07-17,09:00,57,570,10,6,62.5,15,12,12,18,0,3,-18.7,83.7
test/wh_00198.jpg,test,2025-07-18,15:00,63,630,11,5,68.8,12,15,18,18,12,6,-19.9,86.7
train/wh_00199.jpg,train,2025-07-19,16:00,60,600,11,5,68.8,12,15,15,18,0,3,-19.8,90.7
val/wh_00200.jpg,val,2025-07-20,10:00,66,660,12,4,75.0,18,15,15,18,6,0,-21.6,79.8
test/wh_00201.jpg,test,2025-07-21,15:00,60,600,11,5,68.8,18,12,12,18,0,6,-20.6,89.9
train/wh_00202.jpg,train,2025-07-22,14:00,45,450,8,8,50.0,12,6,9,18,0,15,-20.7,85.0
train/wh_00203.jpg,train,2025-07-23,08:00,60,600,10,6,62.5,12,6,18,24,24,9,-17.8,89.3
val/wh_00204.jpg,val,2025-07-24,15:00,36,360,6,10,37.5,0,6,18,12,0,24,-21.2,82.1
train/wh_00205.jpg,train,2025-07-25,14:00,39,390,7,9,43.8,0,18,9,12,12,9,-19.4,81.0
train/wh_00206.jpg,train,2025-07-26,09:00,39,390,7,9,43.8,0,18,9,12,0,0,-20.4,88.6
train/wh_00207.jpg,train,2025-07-27,16:00,54,540,9,7,56.2,6,18,9,21,15,0,-20.7,84.3
train/wh_00208.jpg,train,2025-07-28,14:00,54,540,9,7,56.2,6,18,9,21,0,0,-21.1,89.0
train/wh_00209.jpg,train,2025-07-29,09:00,51,510,9,7,56.2,6,18,9,18,0,3,-20.2,86.0
train/wh_00210.jpg,train,2025-07-30,16:00,45,450,8,8,50.0,6,12,9,18,0,6,-17.4,79.2
train/wh_00211.jpg,train,2025-07-31,10:00,48,480,8,8,50.0,15,12,3,18,9,6,-20.6,88.3
val/wh_00212.jpg,val,2025-08-01,15:00,69,690,11,5,68.8,27,12,12,18,21,0,-18.9,87.9
train/wh_00213.jpg,train,2025-08-02,09:00,66,660,10,6,62.5,27,18,9,12,9,12,-20.4,79.9
train/wh_00214.jpg,train,2025-08-03,10:00,48,480,7,9,43.8,24,12,0,12,0,18,-21.4,79.2
train/wh_00215.jpg,train,2025-08-04,09:00,75,750,10,6,62.5,30,9,24,12,33,6,-18.6,88.3
train/wh_00216.jpg,train,2025-08-05,15:00,72,720,10,6,62.5,30,6,24,12,0,3,-22.0,85.6
test/wh_00217.jpg,test,2025-08-06,09:00,66,660,9,7,56.2,30,0,24,12,0,6,-21.6,91.4
train/wh_00218.jpg,train,2025-08-07,08:00,84,840,10,6,62.5,27,18,18,21,27,9,-18.3,82.0
val/wh_00219.jpg,val,2025-08-08,09:00,84,840,10,6,62.5,27,18,18,21,0,0,-20.0,88.7
train/wh_00220.jpg,train,2025-08-09,14:00,75,750,10,6,62.5,27,15,12,21,3,12,-19.5,89.2
train/wh_00221.jpg,train,2025-08-10,10:00,81,810,11,5,68.8,27,21,12,21,6,0,-20.6,91.6
train/wh_00222.jpg,train,2025-08-11,09:00,81,810,11,5,68.8,27,21,12,21,0,0,-19.6,82.8
test/wh_00223.jpg,test,2025-08-12,15:00,81,810,11,5,68.8,27,21,12,21,9,9,-21.3,84.0
test/wh_00224.jpg,test,2025-08-13,09:00,78,780,11,5,68.8,33,21,12,12,6,9,-20.6,79.3
train/wh_00225.jpg,train,2025-08-14,08:00,81,810,11,5,68.8,33,21,15,12,6,3,-19.9,82.9
train/wh_00226.jpg,train,2025-08-15,09:00,78,780,11,5,68.8,33,21,15,9,0,3,-20.6,81.7
train/wh_00227.jpg,train,2025-08-16,15:00,66,660,10,6,62.5,30,12,15,9,0,12,-18.6,86.2
test/wh_00228.jpg,test,2025-08-17,14:00,63,630,10,6,62.5,30,18,6,9,6,9,-20.8,78.7
test/wh_00229.jpg,test,2025-08-18,16:00,51,510,9,7,56.2,27,9,6,9,0,12,-18.9,80.2
train/wh_00230.jpg,train,2025-08-19,16:00,51,510,9,7,56.2,27,9,6,9,0,0,-19.9,84.9
train/wh_00231.jpg,train,2025-08-20,09:00,60,600,10,6,62.5,27,9,6,18,9,0,-19.2,90.8
train/wh_00232.jpg,train,2025-08-21,14:00,69,690,11,5,68.8,27,9,15,18,9,0,-20.1,85.8
train/wh_00233.jpg,train,2025-08-22,08:00,78,780,12,4,75.0,27,3,21,27,15,6,-21.5,79.9
test/wh_00234.jpg,test,2025-08-23,10:00,78,780,12,4,75.0,24,12,15,27,9,9,-18.9,88.3
train/wh_00235.jpg,train,2025-08-24,09:00,78,780,12,4,75.0,24,12,15,27,0,0,-20.1,78.1
val/wh_00236.jpg,val,2025-08-25,09:00,66,660,11,5,68.8,15,12,12,27,0,12,-20.3,79.3
train/wh_00237.jpg,train,2025-08-26,08:00,57,570,10,6,62.5,15,3,12,27,0,9,-19.0,81.5
train/wh_00238.jpg,train,2025-08-27,08:00,69,690,12,4,75.0,21,9,21,18,21,9,-19.5,88.7
train/wh_00239.jpg,train,2025-08-28,14:00,54,540,10,6,62.5,15,9,12,18,0,15,-19.9,84.5
train/wh_00240.jpg,train,2025-08-29,10:00,57,570,9,7,56.2,12,6,21,18,9,6,-19.4,89.7
train/wh_00241.jpg,train,2025-08-30,08:00,72,720,11,5,68.8,21,12,21,18,15,0,-20.8,82.7
train/wh_00242.jpg,train,2025-08-31,08:00,63,630,10,6,62.5,12,12,21,18,9,18,-21.9,90.4
train/wh_00243.jpg,train,2025-09-01,15:00,45,450,8,8,50.0,3,12,18,12,0,18,-16.5,89.2
train/wh_00244.jpg,train,2025-09-02,10:00,51,510,9,7,56.2,3,12,18,18,6,0,-18.4,87.9
val/wh_00245.jpg,val,2025-09-03,08:00,42,420,8,8,50.0,3,12,9,18,0,9,-19.1,91.0
train/wh_00246.jpg,train,2025-09-04,15:00,36,360,6,10,37.5,3,9,9,15,0,6,-20.9,86.5
test/wh_00247.jpg,test,2025-09-05,16:00,30,300,6,10,37.5,6,9,9,6,3,9,-22.7,81.7
train/wh_00248.jpg,train,2025-09-06,09:00,30,300,6,10,37.5,6,9,9,6,0,0,-19.4,82.9
train/wh_00249.jpg,train,2025-09-07,16:00,45,450,8,8,50.0,21,9,9,6,15,0,-20.1,78.2
train/wh_00250.jpg,train,2025-09-08,09:00,60,600,10,6,62.5,18,15,15,12,18,3,-19.8,88.4
train/wh_00251.jpg,train,2025-09-09,08:00,63,630,10,6,62.5,18,18,15,12,9,6,-21.2,82.3
train/wh_00252.jpg,train,2025-09-10,10:00,63,630,10,6,62.5,18,18,15,12,6,6,-21.2,85.2
train/wh_00253.jpg,train,2025-09-11,10:00,63,630,10,6,62.5,18,18,15,12,0,0,-19.3,85.4
train/wh_00254.jpg,train,2025-09-12,14:00,63,630,10,6,62.5,18,24,15,6,6,6,-22.1,82.5
train/wh_00255.jpg,train,2025-09-13,08:00,51,510,8,8,50.0,18,18,9,6,0,12,-18.8,82.0
train/wh_00256.jpg,train,2025-09-14,16:00,45,450,7,9,43.8,12,18,9,6,0,6,-19.7,81.7
test/wh_00257.jpg,test,2025-09-15,16:00,54,540,9,7,56.2,15,18,9,12,9,0,-20.5,88.9
train/wh_00258.jpg,train,2025-09-16,08:00,54,540,9,7,56.2,15,18,9,12,0,0,-21.8,79.5
train/wh_00259.jpg,train,2025-09-17,16:00,54,540,9,7,56.2,15,18,9,12,0,0,-21.6,86.3
train/wh_00260.jpg,train,2025-09-18,16:00,51,510,9,7,56.2,12,18,9,12,0,3,-22.1,78.3
val/wh_00261.jpg,val,2025-09-19,14:00,60,600,10,6,62.5,12,18,12,18,24,15,-19.7,86.9
test/wh_00262.jpg,test,2025-09-20,14:00,63,630,10,6,62.5,15,18,12,18,12,9,-21.7,84.4
train/wh_00263.jpg,train,2025-09-21,10:00,66,660,12,4,75.0,15,18,18,15,12,9,-21.2,81.0
train/wh_00264.jpg,train,2025-09-22,16:00,66,660,12,4,75.0,15,18,18,15,0,0,-21.0,80.0
train/wh_00265.jpg,train,2025-09-23,16:00,57,570,10,6,62.5,6,15,18,18,9,18,-21.0,85.6
train/wh_00266.jpg,train,2025-09-24,14:00,45,450,7,9,43.8,3,9,15,18,0,12,-19.3,91.4
val/wh_00267.jpg,val,2025-09-25,16:00,54,540,8,8,50.0,3,9,24,18,9,0,-19.1,81.8
val/wh_00268.jpg,val,2025-09-26,09:00,63,630,10,6,62.5,21,3,21,18,21,12,-22.0,83.2
train/wh_00269.jpg,train,2025-09-27,08:00,57,570,9,7,56.2,18,3,21,15,0,6,-21.6,88.0
test/wh_00270.jpg,test,2025-09-28,10:00,54,540,8,8,50.0,6,3,21,24,9,12,-20.1,80.6
val/wh_00271.jpg,val,2025-09-29,08:00,60,600,9,7,56.2,15,3,15,27,12,6,-20.3,80.6
train/wh_00272.jpg,train,2025-09-30,10:00,54,540,8,8,50.0,12,12,9,21,9,15,-21.7,81.6
train/wh_00273.jpg,train,2025-10-01,14:00,63,630,9,7,56.2,12,21,9,21,9,0,-19.3,84.3
train/wh_00274.jpg,train,2025-10-02,16:00,42,420,7,9,43.8,12,3,6,21,0,21,-18.3,78.1
val/wh_00275.jpg,val,2025-10-03,14:00,48,480,8,8,50.0,12,12,3,21,9,3,-21.2,78.1
train/wh_00276.jpg,train,2025-10-04,09:00,48,480,8,8,50.0,21,3,3,21,9,9,-20.0,84.2
train/wh_00277.jpg,train,2025-10-05,08:00,45,450,7,9,43.8,18,3,3,21,0,3,-19.2,89.1
train/wh_00278.jpg,train,2025-10-06,09:00,42,420,6,10,37.5,18,3,3,18,0,3,-20.5,90.7
train/wh_00279.jpg,train,2025-10-07,09:00,48,480,7,9,43.8,18,9,3,18,6,0,-19.0,82.6
train/wh_00280.jpg,train,2025-10-08,15:00,39,390,6,10,37.5,18,9,3,9,0,9,-18.1,80.6
train/wh_00281.jpg,train,2025-10-09,15:00,48,480,7,9,43.8,18,9,12,9,9,0,-17.7,83.3
train/wh_00282.jpg,train,2025-10-10,16:00,45,450,6,10,37.5,18,6,12,9,0,3,-20.1,82.4
train/wh_00283.jpg,train,2025-10-11,10:00,54,540,7,9,43.8,18,6,21,9,9,0,-22.1,85.2
train/wh_00284.jpg,train,2025-10-12,09:00,66,660,10,6,62.5,21,18,21,6,15,3,-19.0,82.6
train/wh_00285.jpg,train,2025-10-13,14:00,66,660,10,6,62.5,21,18,21,6,0,0,-22.6,91.4
train/wh_00286.jpg,train,2025-10-14,14:00,48,480,8,8,50.0,12,18,12,6,0,18,-19.1,85.3
test/wh_00287.jpg,test,2025-10-15,16:00,36,360,7,9,43.8,3,15,12,6,0,12,-19.7,91.3
train/wh_00288.jpg,train,2025-10-16,10:00,54,540,9,7,56.2,3,24,21,6,18,0,-20.7,80.0
train/wh_00289.jpg,train,2025-10-17,09:00,69,690,11,5,68.8,3,24,21,21,15,0,-17.9,80.4
train/wh_00290.jpg,train,2025-10-18,16:00,60,600,10,6,62.5,3,15,21,21,0,9,-20.9,86.5
train/wh_00291.jpg,train,2025-10-19,15:00,60,600,10,6,62.5,3,15,21,21,3,3,-19.2,83.8
train/wh_00292.jpg,train,2025-10-20,16:00,57,570,10,6,62.5,3,15,18,21,0,3,-20.7,87.2
train/wh_00293.jpg,train,2025-10-21,10:00,48,480,8,8,50.0,3,15,15,15,0,9,-18.9,80.7
train/wh_00294.jpg,train,2025-10-22,09:00,54,540,8,8,50.0,12,12,15,15,9,3,-18.7,79.7
train/wh_00295.jpg,train,2025-10-23,15:00,69,690,10,6,62.5,12,21,15,21,15,0,-18.6,83.0
train/wh_00296.jpg,train,2025-10-24,08:00,54,540,8,8,50.0,12,12,9,21,0,15,-20.2,79.6
train/wh_00297.jpg,train,2025-10-25,14:00,54,540,9,7,56.2,12,3,18,21,9,9,-19.2,82.7
train/wh_00298.jpg,train,2025-10-26,09:00,48,480,8,8,50.0,12,3,12,21,0,6,-21.2,81.1
train/wh_00299.jpg,train,2025-10-27,10:00,54,540,9,7,56.2,12,18,9,15,15,9,-19.7,81.9
train/wh_00300.jpg,train,2025-10-28,15:00,57,570,9,7,56.2,9,18,15,15,9,6,-22.0,78.3
train/wh_00301.jpg,train,2025-10-29,10:00,60,600,9,7,56.2,9,15,21,15,6,3,-21.3,92.0
train/wh_00302.jpg,train,2025-10-30,10:00,42,420,6,10,37.5,3,9,15,15,0,18,-22.1,86.4
val/wh_00303.jpg,val,2025-10-31,09:00,48,480,7,9,43.8,3,9,15,21,6,0,-19.2,83.2
train/wh_00304.jpg,train,2025-11-01,15:00,48,480,7,9,43.8,3,9,15,21,6,6,-20.1,91.8
val/wh_00305.jpg,val,2025-11-02,16:00,45,450,8,8,50.0,6,9,18,12,15,18,-19.9,82.6
train/wh_00306.jpg,train,2025-11-03,10:00,36,360,7,9,43.8,6,0,18,12,0,9,-20.6,89.2
train/wh_00307.jpg,train,2025-11-04,09:00,36,360,7,9,43.8,6,0,18,12,0,0,-19.0,90.8
train/wh_00308.jpg,train,2025-11-05,09:00,45,450,8,8,50.0,6,0,27,12,9,0,-19.8,83.8
train/wh_00309.jpg,train,2025-11-06,09:00,51,510,9,7,56.2,6,9,27,9,12,6,-19.5,84.5
train/wh_00310.jpg,train,2025-11-07,14:00,42,420,8,8,50.0,6,9,18,9,0,9,-19.9,81.7
train/wh_00311.jpg,train,2025-11-08,15:00,36,360,7,9,43.8,6,9,18,3,0,6,-20.1,87.6
train/wh_00312.jpg,train,2025-11-09,09:00,45,450,8,8,50.0,6,9,18,12,9,0,-20.7,79.9
test/wh_00313.jpg,test,2025-11-10,10:00,54,540,9,7,56.2,6,9,27,12,9,0,-19.7,81.9
train/wh_00314.jpg,train,2025-11-11,10:00,69,690,11,5,68.8,15,9,27,18,15,0,-21.2,86.6
train/wh_00315.jpg,train,2025-11-12,08:00,57,570,10,6,62.5,15,9,24,9,0,12,-20.4,88.2
train/wh_00316.jpg,train,2025-11-13,08:00,51,510,9,7,56.2,15,9,18,9,0,6,-20.3,81.3
val/wh_00317.jpg,val,2025-11-14,08:00,51,510,9,7,56.2,6,9,27,9,9,9,-18.3,91.9
val/wh_00318.jpg,val,2025-11-15,09:00,51,510,9,7,56.2,6,9,27,9,0,0,-21.6,81.9
train/wh_00319.jpg,train,2025-11-16,10:00,60,600,11,5,68.8,6,18,27,9,9,0,-22.6,81.5
train/wh_00320.jpg,train,2025-11-17,08:00,57,570,10,6,62.5,6,15,27,9,0,3,-20.6,89.8
train/wh_00321.jpg,train,2025-11-18,16:00,57,570,10,6,62.5,6,15,27,9,0,0,-19.9,82.3
val/wh_00322.jpg,val,2025-11-19,09:00,57,570,10,6,62.5,6,15,27,9,0,0,-18.3,83.1
test/wh_00323.jpg,test,2025-11-20,16:00,45,450,9,7,56.2,6,6,27,6,0,12,-20.4,88.2
train/wh_00324.jpg,train,2025-11-21,16:00,42,420,8,8,50.0,6,6,27,3,0,3,-22.1,87.8
train/wh_00325.jpg,train,2025-11-22,15:00,36,360,7,9,43.8,6,6,21,3,0,6,-22.1,85.2
train/wh_00326.jpg,train,2025-11-23,16:00,36,360,7,9,43.8,6,6,12,12,9,9,-20.0,81.6
test/wh_00327.jpg,test,2025-11-24,15:00,42,420,7,9,43.8,3,6,21,12,9,3,-21.2,82.9
train/wh_00328.jpg,train,2025-11-25,09:00,27,270,5,11,31.2,3,0,21,3,0,15,-21.0,87.2
train/wh_00329.jpg,train,2025-11-26,15:00,27,270,5,11,31.2,3,0,21,3,0,0,-19.2,81.6
test/wh_00330.jpg,test,2025-11-27,16:00,33,330,6,10,37.5,3,0,21,9,6,0,-19.8,89.0
train/wh_00331.jpg,train,2025-11-28,16:00,18,180,4,12,25.0,6,0,3,9,6,21,-18.5,91.0
train/wh_00332.jpg,train,2025-11-29,08:00,18,180,4,12,25.0,6,0,3,9,0,0,-17.9,79.8
train/wh_00333.jpg,train,2025-11-30,15:00,54,540,9,7,56.2,15,9,12,18,36,0,-18.7,81.7
train/wh_00334.jpg,train,2025-12-01,10:00,48,480,8,8,50.0,15,9,12,12,6,12,-20.3,86.4
train/wh_00335.jpg,train,2025-12-02,09:00,54,540,9,7,56.2,6,15,21,12,15,9,-20.5,89.1
train/wh_00336.jpg,train,2025-12-03,14:00,60,600,10,6,62.5,3,15,30,12,9,3,-18.9,83.4
val/wh_00337.jpg,val,2025-12-04,15:00,63,630,11,5,68.8,3,18,30,12,3,0,-18.1,90.7
test/wh_00338.jpg,test,2025-12-05,09:00,51,510,9,7,56.2,0,18,21,12,0,12,-19.2,82.2
train/wh_00339.jpg,train,2025-12-06,16:00,45,450,8,8,50.0,0,18,15,12,0,6,-18.5,89.6
val/wh_00340.jpg,val,2025-12-07,14:00,60,600,10,6,62.5,9,18,21,12,15,0,-20.0,82.5
train/wh_00341.jpg,train,2025-12-08,16:00,66,660,11,5,68.8,9,18,21,18,6,0,-18.5,79.1
train/wh_00342.jpg,train,2025-12-09,09:00,60,600,11,5,68.8,9,15,18,18,0,6,-19.6,78.9
train/wh_00343.jpg,train,2025-12-10,16:00,63,630,12,4,75.0,15,15,18,15,6,3,-19.9,91.2
train/wh_00344.jpg,train,2025-12-11,10:00,63,630,12,4,75.0,15,15,18,15,0,0,-17.5,80.6
train/wh_00345.jpg,train,2025-12-12,10:00,45,450,10,6,62.5,15,6,9,15,0,18,-20.1,82.7
train/wh_00346.jpg,train,2025-12-13,16:00,54,540,11,5,68.8,15,15,9,15,9,0,-17.5,88.4
train/wh_00347.jpg,train,2025-12-14,10:00,54,540,11,5,68.8,24,6,9,15,9,9,-20.8,85.8
train/wh_00348.jpg,train,2025-12-15,08:00,51,510,11,5,68.8,24,9,9,9,3,6,-18.9,88.5
train/wh_00349.jpg,train,2025-12-16,14:00,33,330,8,8,50.0,9,9,6,9,0,18,-19.0,84.3
train/wh_00350.jpg,train,2025-12-17,16:00,36,360,7,9,43.8,18,6,6,6,9,6,-20.7,91.2
train/wh_00351.jpg,train,2025-12-18,16:00,33,330,7,9,43.8,18,9,3,3,3,6,-19.7,86.4
train/wh_00352.jpg,train,2025-12-19,09:00,39,390,8,8,50.0,18,9,9,3,6,0,-20.3,79.2
train/wh_00353.jpg,train,2025-12-20,14:00,39,390,8,8,50.0,18,9,9,3,0,0,-19.7,89.8
train/wh_00354.jpg,train,2025-12-21,15:00,45,450,8,8,50.0,18,9,6,12,9,3,-18.4,80.8
train/wh_00355.jpg,train,2025-12-22,08:00,45,450,8,8,50.0,18,9,6,12,0,0,-19.9,90.1
train/wh_00356.jpg,train,2025-12-23,16:00,51,510,8,8,50.0,18,6,6,21,9,3,-19.2,78.7
train/wh_00357.jpg,train,2025-12-24,10:00,45,450,7,9,43.8,18,6,9,12,9,15,-20.7,89.9
train/wh_00358.jpg,train,2025-12-25,09:00,33,330,6,10,37.5,6,6,9,12,6,18,-21.6,89.4
train/wh_00359.jpg,train,2025-12-26,08:00,33,330,6,10,37.5,6,6,9,12,0,0,-19.9,80.8
train/wh_00360.jpg,train,2025-12-27,16:00,30,300,6,10,37.5,6,6,6,12,0,3,-20.9,81.4
train/wh_00361.jpg,train,2025-12-28,08:00,30,300,6,10,37.5,6,6,6,12,0,0,-20.3,90.9
train/wh_00362.jpg,train,2025-12-29,08:00,30,300,6,10,37.5,6,6,6,12,0,0,-20.6,88.1
train/wh_00363.jpg,train,2025-12-30,08:00,45,450,8,8,50.0,6,6,6,27,15,0,-20.8,82.1
train/wh_00364.jpg,train,2025-12-31,14:00,45,450,8,8,50.0,15,6,6,18,9,9,-21.0,91.6
test/wh_00365.jpg,test,2026-01-01,16:00,36,360,7,9,43.8,6,6,6,18,0,9,-19.1,80.6
train/wh_00366.jpg,train,2026-01-02,16:00,54,540,9,7,56.2,15,6,15,18,18,0,-17.6,90.3
train/wh_00367.jpg,train,2026-01-03,10:00,72,720,11,5,68.8,24,6,24,18,18,0,-18.8,79.7
train/wh_00368.jpg,train,2026-01-04,09:00,72,720,11,5,68.8,24,6,24,18,0,0,-20.2,81.2
train/wh_00369.jpg,train,2026-01-05,15:00,69,690,10,6,62.5,24,3,24,18,0,3,-20.8,87.8
train/wh_00370.jpg,train,2026-01-06,15:00,63,630,10,6,62.5,18,3,24,18,0,6,-20.5,83.1
train/wh_00371.jpg,train,2026-01-07,14:00,57,570,9,7,56.2,12,3,24,18,0,6,-19.5,86.5
train/wh_00372.jpg,train,2026-01-08,09:00,78,780,12,4,75.0,12,18,24,24,21,0,-19.3,84.0
train/wh_00373.jpg,train,2026-01-09,15:00,81,810,12,4,75.0,15,18,24,24,6,3,-22.7,81.3
train/wh_00374.jpg,train,2026-01-10,15:00,87,870,13,3,81.2,15,18,30,24,9,3,-20.3,91.0
test/wh_00375.jpg,test,2026-01-11,16:00,63,630,10,6,62.5,15,9,21,18,0,24,-19.9,83.4
train/wh_00376.jpg,train,2026-01-12,09:00,45,450,7,9,43.8,15,0,12,18,0,18,-18.0,91.3
train/wh_00377.jpg,train,2026-01-13,10:00,54,540,8,8,50.0,15,9,12,18,9,0,-19.0,88.3
train/wh_00378.jpg,train,2026-01-14,15:00,48,480,7,9,43.8,15,9,6,18,0,6,-19.4,86.1
train/wh_00379.jpg,train,2026-01-15,14:00,48,480,7,9,43.8,15,9,6,18,0,0,-22.3,81.4
val/wh_00380.jpg,val,2026-01-16,14:00,48,480,8,8,50.0,15,9,6,18,3,3,-19.1,84.8
train/wh_00381.jpg,train,2026-01-17,09:00,57,570,9,7,56.2,15,18,6,18,9,0,-18.1,82.6
train/wh_00382.jpg,train,2026-01-18,16:00,63,630,11,5,68.8,21,21,3,18,12,6,-18.8,90.9
train/wh_00383.jpg,train,2026-01-19,09:00,75,750,12,4,75.0,21,21,15,18,15,3,-20.5,86.9
train/wh_00384.jpg,train,2026-01-20,14:00,75,750,12,4,75.0,18,18,21,18,9,9,-19.5,84.4
train/wh_00385.jpg,train,2026-01-21,15:00,75,750,12,4,75.0,18,18,21,18,0,0,-19.5,78.1
train/wh_00386.jpg,train,2026-01-22,10:00,69,690,13,3,81.2,18,15,24,12,3,9,-20.4,80.0
train/wh_00387.jpg,train,2026-01-23,08:00,69,690,13,3,81.2,18,15,24,12,0,0,-20.0,81.9
val/wh_00388.jpg,val,2026-01-24,09:00,60,600,12,4,75.0,18,6,24,12,0,9,-18.4,80.2
test/wh_00389.jpg,test,2026-01-25,16:00,57,570,12,4,75.0,18,6,21,12,0,3,-21.4,87.4
train/wh_00390.jpg,train,2026-01-26,10:00,60,600,13,3,81.2,18,9,21,12,3,0,-19.7,84.1
train/wh_00391.jpg,train,2026-01-27,14:00,69,690,14,2,87.5,18,18,21,12,9,0,-17.8,82.4
test/wh_00392.jpg,test,2026-01-28,08:00,57,570,12,4,75.0,15,9,21,12,0,12,-19.1,82.8
train/wh_00393.jpg,train,2026-01-29,10:00,48,480,11,5,68.8,15,6,21,6,3,12,-20.1,88.7
train/wh_00394.jpg,train,2026-01-30,08:00,66,660,13,3,81.2,18,24,21,3,21,3,-19.4,90.2
train/wh_00395.jpg,train,2026-01-31,15:00,66,660,13,3,81.2,18,15,21,12,9,9,-22.3,88.8
train/wh_00396.jpg,train,2026-02-01,08:00,51,510,11,5,68.8,18,6,15,12,0,15,-22.3,83.5
train/wh_00397.jpg,train,2026-02-02,09:00,42,420,10,6,62.5,15,6,18,3,3,12,-21.0,80.8
train/wh_00398.jpg,train,2026-02-03,10:00,39,390,10,6,62.5,15,6,15,3,0,3,-18.8,80.7
train/wh_00399.jpg,train,2026-02-04,09:00,48,480,11,5,68.8,15,12,15,6,12,3,-20.9,81.7
train/wh_00400.jpg,train,2026-02-05,14:00,51,510,12,4,75.0,15,15,15,6,3,0,-20.3,87.1
train/wh_00401.jpg,train,2026-02-06,09:00,45,450,10,6,62.5,15,12,15,3,0,6,-22.4,91.5
train/wh_00402.jpg,train,2026-02-07,16:00,54,540,11,5,68.8,24,12,15,3,9,0,-18.0,83.8
train/wh_00403.jpg,train,2026-02-08,10:00,54,540,11,5,68.8,24,12,9,9,6,6,-19.7,79.5
train/wh_00404.jpg,train,2026-02-09,10:00,57,570,12,4,75.0,24,15,6,12,6,3,-22.6,87.3
train/wh_00405.jpg,train,2026-02-10,16:00,54,540,11,5,68.8,24,12,6,12,0,3,-19.2,90.5
train/wh_00406.jpg,train,2026-02-11,09:00,42,420,9,7,56.2,15,12,3,12,0,12,-21.8,88.2
test/wh_00407.jpg,test,2026-02-12,14:00,63,630,11,5,68.8,12,18,12,21,24,3,-18.4,81.7
train/wh_00408.jpg,train,2026-02-13,09:00,66,660,12,4,75.0,12,21,12,21,6,3,-20.8,85.1
train/wh_00409.jpg,train,2026-02-14,08:00,60,600,11,5,68.8,0,21,18,21,6,12,-20.8,88.5
train/wh_00410.jpg,train,2026-02-15,10:00,57,570,10,6,62.5,0,21,18,18,0,3,-20.6,79.8
test/wh_00411.jpg,test,2026-02-16,14:00,48,480,8,8,50.0,6,12,18,12,6,15,-19.5,81.4
train/wh_00412.jpg,train,2026-02-17,14:00,48,480,8,8,50.0,3,18,15,12,9,9,-21.1,78.3
train/wh_00413.jpg,train,2026-02-18,08:00,57,570,9,7,56.2,3,18,15,21,9,0,-19.8,84.3
train/wh_00414.jpg,train,2026-02-19,15:00,63,630,9,7,56.2,0,18,15,30,9,3,-18.9,78.9
train/wh_00415.jpg,train,2026-02-20,14:00,78,780,11,5,68.8,9,24,15,30,15,0,-18.6,85.2
val/wh_00416.jpg,val,2026-02-21,14:00,63,630,9,7,56.2,9,18,15,21,0,15,-19.6,81.3
train/wh_00417.jpg,train,2026-02-22,08:00,33,330,5,11,31.2,0,12,6,15,0,30,-19.8,91.9
val/wh_00418.jpg,val,2026-02-23,10:00,33,330,5,11,31.2,0,12,6,15,0,0,-18.6,83.8
train/wh_00419.jpg,train,2026-02-24,16:00,33,330,5,11,31.2,0,12,6,15,0,0,-20.3,79.1
train/wh_00420.jpg,train,2026-02-25,15:00,60,600,8,8,50.0,18,12,6,24,27,0,-19.9,87.1
train/wh_00421.jpg,train,2026-02-26,10:00,66,660,9,7,56.2,24,12,6,24,6,0,-19.8,84.4
train/wh_00422.jpg,train,2026-02-27,16:00,63,630,9,7,56.2,24,9,6,24,0,3,-19.3,81.5
train/wh_00423.jpg,train,2026-02-28,14:00,66,660,10,6,62.5,24,9,9,24,6,3,-18.7,79.8
train/wh_00424.jpg,train,2026-03-01,15:00,60,600,9,7,56.2,18,9,18,15,9,15,-19.9,82.0
train/wh_00425.jpg,train,2026-03-02,16:00,51,510,8,8,50.0,9,9,18,15,0,9,-18.4,87.4
train/wh_00426.jpg,train,2026-03-03,08:00,75,750,12,4,75.0,18,18,15,24,30,6,-19.3,91.3
train/wh_00427.jpg,train,2026-03-04,08:00,78,780,12,4,75.0,18,21,15,24,6,3,-20.0,79.4
train/wh_00428.jpg,train,2026-03-05,16:00,84,840,13,3,81.2,15,30,15,24,9,3,-20.0,84.5
train/wh_00429.jpg,train,2026-03-06,08:00,72,720,12,4,75.0,15,21,12,24,0,12,-17.3,89.1
val/wh_00430.jpg,val,2026-03-07,15:00,81,810,13,3,81.2,24,21,12,24,9,0,-20.2,89.1
val/wh_00431.jpg,val,2026-03-08,15:00,78,780,13,3,81.2,24,21,12,21,0,3,-20.4,78.2
train/wh_00432.jpg,train,2026-03-09,08:00,69,690,12,4,75.0,15,21,12,21,0,9,-20.3,87.8
test/wh_00433.jpg,test,2026-03-10,08:00,72,720,12,4,75.0,24,21,12,15,9,6,-21.1,79.8
train/wh_00434.jpg,train,2026-03-11,09:00,66,660,12,4,75.0,21,18,12,15,0,6,-18.9,90.7
train/wh_00435.jpg,train,2026-03-12,10:00,63,630,12,4,75.0,15,15,18,15,6,9,-22.0,83.7
val/wh_00436.jpg,val,2026-03-13,08:00,39,390,8,8,50.0,6,15,3,15,0,24,-18.7,92.0
val/wh_00437.jpg,val,2026-03-14,10:00,48,480,9,7,56.2,6,15,12,15,9,0,-21.3,89.2
test/wh_00438.jpg,test,2026-03-15,10:00,54,540,10,6,62.5,6,15,12,21,6,0,-19.5,88.3
train/wh_00439.jpg,train,2026-03-16,14:00,30,300,6,10,37.5,0,12,12,6,0,24,-20.2,84.6
train/wh_00440.jpg,train,2026-03-17,08:00,48,480,10,6,62.5,3,18,15,12,21,3,-19.9,87.7
train/wh_00441.jpg,train,2026-03-18,08:00,42,420,9,7,56.2,3,12,15,12,0,6,-20.0,82.9
train/wh_00442.jpg,train,2026-03-19,10:00,42,420,9,7,56.2,3,12,15,12,0,0,-20.0,91.7
train/wh_00443.jpg,train,2026-03-20,14:00,18,180,5,11,31.2,3,3,0,12,0,24,-18.2,91.4
train/wh_00444.jpg,train,2026-03-21,16:00,27,270,6,10,37.5,3,9,9,6,15,6,-22.8,82.8
val/wh_00445.jpg,val,2026-03-22,10:00,36,360,8,8,50.0,3,9,12,12,9,0,-19.8,89.3
train/wh_00446.jpg,train,2026-03-23,08:00,42,420,8,8,50.0,12,6,12,12,9,3,-18.4,88.7
train/wh_00447.jpg,train,2026-03-24,14:00,39,390,7,9,43.8,12,6,12,9,0,3,-19.1,90.1
train/wh_00448.jpg,train,2026-03-25,14:00,39,390,7,9,43.8,12,0,12,15,6,6,-19.7,87.8
train/wh_00449.jpg,train,2026-03-26,08:00,45,450,8,8,50.0,12,9,12,12,9,3,-19.1,80.9
train/wh_00450.jpg,train,2026-03-27,14:00,51,510,9,7,56.2,12,15,12,12,6,0,-20.7,86.1
test/wh_00451.jpg,test,2026-03-28,10:00,75,750,11,5,68.8,21,15,30,9,27,3,-20.2,79.4
train/wh_00452.jpg,train,2026-03-29,14:00,72,720,11,5,68.8,21,21,21,9,6,9,-19.8,79.3
train/wh_00453.jpg,train,2026-03-30,10:00,57,570,9,7,56.2,21,21,12,3,0,15,-20.5,86.3
train/wh_00454.jpg,train,2026-03-31,14:00,57,570,9,7,56.2,21,21,12,3,0,0,-20.8,86.7
train/wh_00455.jpg,train,2026-04-01,09:00,63,630,10,6,62.5,18,30,12,3,9,3,-22.0,81.9
train/wh_00456.jpg,train,2026-04-02,08:00,48,480,7,9,43.8,12,24,9,3,0,15,-21.0,85.4
train/wh_00457.jpg,train,2026-04-03,14:00,45,450,7,9,43.8,12,30,0,3,9,12,-20.0,86.3
train/wh_00458.jpg,train,2026-04-04,15:00,30,300,5,11,31.2,9,12,0,9,6,21,-20.7,78.5
train/wh_00459.jpg,train,2026-04-05,10:00,48,480,7,9,43.8,9,12,18,9,18,0,-19.5,87.5
test/wh_00460.jpg,test,2026-04-06,16:00,66,660,9,7,56.2,9,12,27,18,18,0,-20.8,80.1
train/wh_00461.jpg,train,2026-04-07,10:00,66,660,9,7,56.2,9,12,27,18,0,0,-19.9,79.8
train/wh_00462.jpg,train,2026-04-08,10:00,57,570,8,8,50.0,9,12,18,18,0,9,-19.7,79.4
train/wh_00463.jpg,train,2026-04-09,09:00,57,570,8,8,50.0,18,12,9,18,9,9,-20.4,86.6
train/wh_00464.jpg,train,2026-04-10,14:00,57,570,8,8,50.0,18,12,9,18,0,0,-17.9,80.8
train/wh_00465.jpg,train,2026-04-11,14:00,57,570,9,7,56.2,15,12,3,27,12,12,-20.1,88.4
train/wh_00466.jpg,train,2026-04-12,08:00,54,540,8,8,50.0,15,12,3,24,0,3,-17.7,84.7
train/wh_00467.jpg,train,2026-04-13,14:00,42,420,7,9,43.8,15,12,3,12,0,12,-19.6,82.6
test/wh_00468.jpg,test,2026-04-14,08:00,48,480,7,9,43.8,9,21,12,6,18,12,-19.8,83.6
train/wh_00469.jpg,train,2026-04-15,14:00,39,390,6,10,37.5,9,21,3,6,0,9,-21.0,81.5
train/wh_00470.jpg,train,2026-04-16,15:00,33,330,6,10,37.5,15,12,3,3,18,24,-18.6,83.8
test/wh_00471.jpg,test,2026-04-17,08:00,39,390,7,9,43.8,15,18,3,3,9,3,-22.1,89.8
train/wh_00472.jpg,train,2026-04-18,16:00,48,480,8,8,50.0,6,18,12,12,18,9,-21.2,81.0
train/wh_00473.jpg,train,2026-04-19,08:00,39,390,7,9,43.8,6,18,12,3,0,9,-21.3,90.4
train/wh_00474.jpg,train,2026-04-20,10:00,39,390,7,9,43.8,6,18,12,3,0,0,-21.7,90.5
train/wh_00475.jpg,train,2026-04-21,14:00,42,420,8,8,50.0,9,18,12,3,3,0,-17.8,91.1
train/wh_00476.jpg,train,2026-04-22,14:00,36,360,7,9,43.8,3,18,12,3,0,6,-17.8,79.3
train/wh_00477.jpg,train,2026-04-23,09:00,33,330,7,9,43.8,3,15,12,3,0,3,-20.4,84.2
train/wh_00478.jpg,train,2026-04-24,16:00,33,330,7,9,43.8,3,15,12,3,0,0,-22.3,78.4
train/wh_00479.jpg,train,2026-04-25,09:00,39,390,8,8,50.0,3,15,12,9,6,0,-20.4,82.5
train/wh_00480.jpg,train,2026-04-26,08:00,42,420,9,7,56.2,3,18,12,9,6,3,-21.1,78.0
val/wh_00481.jpg,val,2026-04-27,08:00,57,570,10,6,62.5,0,18,12,27,18,3,-20.3,87.7
train/wh_00482.jpg,train,2026-04-28,09:00,54,540,9,7,56.2,9,15,3,27,9,12,-21.4,91.8
train/wh_00483.jpg,train,2026-04-29,09:00,51,510,9,7,56.2,9,15,3,24,0,3,-20.5,84.3
val/wh_00484.jpg,val,2026-04-30,16:00,51,510,9,7,56.2,0,15,12,24,9,9,-20.7,89.0
train/wh_00485.jpg,train,2026-05-01,16:00,51,510,9,7,56.2,0,15,12,24,0,0,-19.7,88.1
train/wh_00486.jpg,train,2026-05-02,10:00,45,450,8,8,50.0,0,15,18,12,9,15,-18.2,88.5
test/wh_00487.jpg,test,2026-05-03,16:00,48,480,9,7,56.2,6,9,18,15,9,6,-21.3,79.8
val/wh_00488.jpg,val,2026-05-04,15:00,39,390,8,8,50.0,6,9,9,15,0,9,-21.2,87.0
train/wh_00489.jpg,train,2026-05-05,14:00,30,300,7,9,43.8,6,9,9,6,6,15,-19.5,90.0
test/wh_00490.jpg,test,2026-05-06,08:00,33,330,7,9,43.8,0,18,9,6,9,6,-17.6,91.5
train/wh_00491.jpg,train,2026-05-07,16:00,39,390,8,8,50.0,0,18,15,6,6,0,-19.7,86.1
train/wh_00492.jpg,train,2026-05-08,10:00,24,240,5,11,31.2,0,12,9,3,0,15,-18.1,84.9
test/wh_00493.jpg,test,2026-05-09,14:00,30,300,5,11,31.2,0,9,9,12,9,3,-20.2,91.8
train/wh_00494.jpg,train,2026-05-10,10:00,27,270,5,11,31.2,0,9,9,9,0,3,-20.0,81.9
train/wh_00495.jpg,train,2026-05-11,14:00,33,330,6,10,37.5,0,9,9,15,6,0,-20.1,91.2
train/wh_00496.jpg,train,2026-05-12,15:00,30,300,5,11,31.2,0,9,9,12,0,3,-21.2,83.5
test/wh_00497.jpg,test,2026-05-13,09:00,45,450,7,9,43.8,9,6,9,21,18,3,-20.3,90.0
train/wh_00498.jpg,train,2026-05-14,15:00,51,510,8,8,50.0,9,12,9,21,6,0,-19.1,85.1
train/wh_00499.jpg,train,2026-05-15,08:00,57,570,9,7,56.2,9,21,12,15,12,6,-20.8,86.3
val/wh_00500.jpg,val,2026-05-16,15:00,69,690,12,4,75.0,24,21,12,12,18,6,-20.3,83.4
train/wh_00501.jpg,train,2026-05-17,08:00,63,630,10,6,62.5,24,18,9,12,0,6,-20.4,90.5
train/wh_00502.jpg,train,2026-05-18,09:00,66,660,10,6,62.5,24,18,6,18,6,3,-19.2,82.5
train/wh_00503.jpg,train,2026-05-19,10:00,57,570,9,7,56.2,15,18,12,12,6,15,-21.4,91.9
val/wh_00504.jpg,val,2026-05-20,14:00,60,600,10,6,62.5,18,18,12,12,3,0,-18.6,81.7
train/wh_00505.jpg,train,2026-05-21,14:00,57,570,10,6,62.5,18,18,12,9,0,3,-18.9,81.0
train/wh_00506.jpg,train,2026-05-22,15:00,57,570,10,6,62.5,18,18,12,9,0,0,-21.0,89.0
test/wh_00507.jpg,test,2026-05-23,09:00,51,510,9,7,56.2,18,18,6,9,0,6,-22.4,78.5
train/wh_00508.jpg,train,2026-05-24,14:00,42,420,8,8,50.0,15,12,6,9,0,9,-21.5,92.0
test/wh_00509.jpg,test,2026-05-25,08:00,42,420,9,7,56.2,15,12,3,12,3,3,-19.6,82.3
train/wh_00510.jpg,train,2026-05-26,15:00,60,600,11,5,68.8,24,21,3,12,18,0,-21.4,86.6
test/wh_00511.jpg,test,2026-05-27,08:00,54,540,10,6,62.5,21,9,6,18,9,15,-21.6,88.9
train/wh_00512.jpg,train,2026-05-28,16:00,57,570,10,6,62.5,21,9,9,18,6,3,-20.1,81.9
train/wh_00513.jpg,train,2026-05-29,15:00,42,420,9,7,56.2,6,9,9,18,3,18,-20.9,91.2
test/wh_00514.jpg,test,2026-05-30,08:00,42,420,9,7,56.2,6,9,9,18,0,0,-20.0,88.0
train/wh_00515.jpg,train,2026-05-31,16:00,42,420,9,7,56.2,6,15,3,18,15,15,-20.1,90.2
train/wh_00516.jpg,train,2026-06-01,16:00,39,390,9,7,56.2,6,12,3,18,0,3,-21.5,91.6
train/wh_00517.jpg,train,2026-06-02,10:00,48,480,11,5,68.8,6,12,15,15,21,12,-20.7,79.2
train/wh_00518.jpg,train,2026-06-03,08:00,51,510,11,5,68.8,6,12,24,9,9,6,-22.2,88.3
train/wh_00519.jpg,train,2026-06-04,15:00,54,540,11,5,68.8,12,12,24,6,6,3,-19.9,78.9
train/wh_00520.jpg,train,2026-06-05,08:00,51,510,10,6,62.5,9,12,24,6,0,3,-19.6,91.8
train/wh_00521.jpg,train,2026-06-06,15:00,51,510,10,6,62.5,9,12,24,6,0,0,-22.2,87.5
train/wh_00522.jpg,train,2026-06-07,10:00,48,480,9,7,56.2,9,9,24,6,0,3,-18.7,79.4
train/wh_00523.jpg,train,2026-06-08,14:00,51,510,9,7,56.2,18,9,18,6,9,6,-21.0,79.1
train/wh_00524.jpg,train,2026-06-09,16:00,48,480,8,8,50.0,15,9,18,6,0,3,-19.4,80.6
train/wh_00525.jpg,train,2026-06-10,08:00,72,720,11,5,68.8,21,27,18,6,24,0,-21.2,85.0
train/wh_00526.jpg,train,2026-06-11,14:00,60,600,10,6,62.5,9,27,18,6,3,15,-20.8,88.2
train/wh_00527.jpg,train,2026-06-12,14:00,60,600,9,7,56.2,9,27,15,9,6,6,-20.1,83.9
train/wh_00528.jpg,train,2026-06-13,14:00,51,510,8,8,50.0,9,18,15,9,6,15,-21.7,89.5
train/wh_00529.jpg,train,2026-06-14,15:00,30,300,5,11,31.2,6,18,0,6,0,21,-19.8,84.0
train/wh_00530.jpg,train,2026-06-15,14:00,36,360,5,11,31.2,15,18,0,3,9,3,-19.4,90.1
train/wh_00531.jpg,train,2026-06-16,14:00,42,420,6,10,37.5,15,18,0,9,6,0,-20.8,84.2
train/wh_00532.jpg,train,2026-06-17,14:00,48,480,8,8,50.0,24,15,0,9,18,12,-17.3,78.3
train/wh_00533.jpg,train,2026-06-18,15:00,48,480,8,8,50.0,24,15,0,9,0,0,-21.5,88.6
val/wh_00534.jpg,val,2026-06-19,10:00,63,630,10,6,62.5,24,15,15,9,15,0,-21.0,83.0
train/wh_00535.jpg,train,2026-06-20,16:00,57,570,9,7,56.2,21,15,12,9,0,6,-20.5,87.9
val/wh_00536.jpg,val,2026-06-21,08:00,57,570,9,7,56.2,12,15,12,18,9,9,-19.0,90.8
train/wh_00537.jpg,train,2026-06-22,10:00,57,570,9,7,56.2,12,15,12,18,0,0,-19.7,87.7
train/wh_00538.jpg,train,2026-06-23,14:00,45,450,8,8,50.0,12,9,15,9,3,15,-19.8,89.4
test/wh_00539.jpg,test,2026-06-24,15:00,51,510,9,7,56.2,12,15,15,9,6,0,-21.2,88.1
val/wh_00540.jpg,val,2026-06-25,16:00,48,480,8,8,50.0,12,15,15,6,0,3,-19.5,85.0
val/wh_00541.jpg,val,2026-06-26,16:00,51,510,9,7,56.2,12,18,15,6,3,0,-21.6,88.3
test/wh_00542.jpg,test,2026-06-27,15:00,54,540,9,7,56.2,12,12,24,6,9,6,-19.9,79.1
val/wh_00543.jpg,val,2026-06-28,10:00,63,630,10,6,62.5,12,12,24,15,9,0,-22.3,90.4
train/wh_00544.jpg,train,2026-06-29,10:00,69,690,10,6,62.5,12,21,21,15,9,3,-19.5,80.1
train/wh_00545.jpg,train,2026-06-30,15:00,84,840,13,3,81.2,21,24,21,18,15,0,-18.4,82.9
test/wh_00546.jpg,test,2026-07-01,14:00,75,750,12,4,75.0,21,15,21,18,0,9,-20.9,88.5
train/wh_00547.jpg,train,2026-07-02,09:00,75,750,12,4,75.0,21,15,21,18,9,9,-22.8,84.6
train/wh_00548.jpg,train,2026-07-03,08:00,72,720,11,5,68.8,21,15,18,18,0,3,-21.6,81.7
train/wh_00549.jpg,train,2026-07-04,08:00,69,690,11,5,68.8,21,15,18,15,0,3,-19.9,85.0
train/wh_00550.jpg,train,2026-07-05,14:00,54,540,9,7,56.2,12,12,24,6,6,21,-19.7,84.6
train/wh_00551.jpg,train,2026-07-06,14:00,69,690,10,6,62.5,12,21,24,12,18,3,-19.3,91.6
train/wh_00552.jpg,train,2026-07-07,15:00,69,690,10,6,62.5,6,21,24,18,9,9,-20.7,88.2
train/wh_00553.jpg,train,2026-07-08,09:00,66,660,10,6,62.5,6,12,21,27,15,18,-19.4,90.5
train/wh_00554.jpg,train,2026-07-09,10:00,81,810,12,4,75.0,3,21,30,27,18,3,-21.3,89.3
train/wh_00555.jpg,train,2026-07-10,14:00,69,690,11,5,68.8,3,12,27,27,0,12,-20.1,83.1
train/wh_00556.jpg,train,2026-07-11,08:00,60,600,10,6,62.5,3,12,18,27,0,9,-21.1,84.8
val/wh_00557.jpg,val,2026-07-12,09:00,63,630,10,6,62.5,3,21,12,27,9,6,-19.4,83.7
train/wh_00558.jpg,train,2026-07-13,09:00,69,690,11,5,68.8,12,21,12,24,9,3,-20.7,87.4
train/wh_00559.jpg,train,2026-07-14,10:00,63,630,10,6,62.5,12,21,6,24,0,6,-20.0,87.3
train/wh_00560.jpg,train,2026-07-15,14:00,60,600,10,6,62.5,12,21,3,24,9,12,-18.7,86.4
train/wh_00561.jpg,train,2026-07-16,09:00,54,540,8,8,50.0,12,18,0,24,0,6,-20.2,88.4
train/wh_00562.jpg,train,2026-07-17,14:00,69,690,10,6,62.5,18,18,9,24,18,3,-19.2,79.8
train/wh_00563.jpg,train,2026-07-18,09:00,69,690,10,6,62.5,21,18,9,21,3,3,-19.8,87.5
train/wh_00564.jpg,train,2026-07-19,08:00,66,660,10,6,62.5,12,24,9,21,6,9,-20.0,80.3
train/wh_00565.jpg,train,2026-07-20,16:00,57,570,10,6,62.5,9,18,9,21,3,12,-19.4,80.6
val/wh_00566.jpg,val,2026-07-21,08:00,63,630,12,4,75.0,9,18,12,24,6,0,-19.5,83.0
train/wh_00567.jpg,train,2026-07-22,09:00,60,600,11,5,68.8,6,18,12,24,0,3,-19.9,84.9
train/wh_00568.jpg,train,2026-07-23,16:00,69,690,12,4,75.0,6,18,21,24,9,0,-22.3,84.6
train/wh_00569.jpg,train,2026-07-24,09:00,69,690,12,4,75.0,6,18,21,24,0,0,-20.8,87.5
test/wh_00570.jpg,test,2026-07-25,09:00,66,660,12,4,75.0,9,12,21,24,3,6,-21.1,81.7
train/wh_00571.jpg,train,2026-07-26,10:00,63,630,12,4,75.0,9,9,21,24,0,3,-20.5,86.9
train/wh_00572.jpg,train,2026-07-27,09:00,60,600,11,5,68.8,9,9,18,24,0,3,-20.9,91.6
train/wh_00573.jpg,train,2026-07-28,15:00,69,690,12,4,75.0,9,18,18,24,9,0,-21.2,90.3
train/wh_00574.jpg,train,2026-07-29,09:00,75,750,13,3,81.2,9,18,24,24,6,0,-19.0,88.4
train/wh_00575.jpg,train,2026-07-30,10:00,60,600,11,5,68.8,9,12,15,24,0,15,-19.8,78.8
train/wh_00576.jpg,train,2026-07-31,08:00,63,630,11,5,68.8,9,15,15,24,6,3,-17.8,83.3
val/wh_00577.jpg,val,2026-08-01,16:00,45,450,9,7,56.2,9,9,15,12,0,18,-18.1,86.3
train/wh_00578.jpg,train,2026-08-02,09:00,45,450,9,7,56.2,9,9,15,12,0,0,-19.2,83.2
train/wh_00579.jpg,train,2026-08-03,15:00,45,450,9,7,56.2,9,9,15,12,0,0,-19.4,79.4
train/wh_00580.jpg,train,2026-08-04,09:00,42,420,8,8,50.0,9,9,15,9,0,3,-18.4,91.7
train/wh_00581.jpg,train,2026-08-05,14:00,33,330,6,10,37.5,6,15,6,6,6,15,-21.8,89.6
train/wh_00582.jpg,train,2026-08-06,08:00,30,300,6,10,37.5,6,12,6,6,0,3,-20.8,86.8
val/wh_00583.jpg,val,2026-08-07,16:00,60,600,10,6,62.5,18,30,6,6,30,0,-20.6,84.0
val/wh_00584.jpg,val,2026-08-08,10:00,66,660,11,5,68.8,18,21,21,6,15,9,-19.9,85.3
train/wh_00585.jpg,train,2026-08-09,09:00,57,570,10,6,62.5,18,15,18,6,0,9,-20.1,87.6
train/wh_00586.jpg,train,2026-08-10,15:00,51,510,9,7,56.2,12,15,18,6,0,6,-20.6,80.7
train/wh_00587.jpg,train,2026-08-11,14:00,57,570,10,6,62.5,12,15,18,12,15,9,-20.0,89.8
train/wh_00588.jpg,train,2026-08-12,15:00,57,570,11,5,68.8,9,15,18,15,3,3,-18.6,83.0
train/wh_00589.jpg,train,2026-08-13,10:00,51,510,11,5,68.8,9,12,12,18,3,9,-22.7,82.2
train/wh_00590.jpg,train,2026-08-14,10:00,48,480,10,6,62.5,6,12,12,18,0,3,-20.6,86.7
train/wh_00591.jpg,train,2026-08-15,15:00,57,570,11,5,68.8,6,21,12,18,9,0,-20.6,79.9
train/wh_00592.jpg,train,2026-08-16,16:00,66,660,12,4,75.0,15,21,12,18,9,0,-18.0,86.7
train/wh_00593.jpg,train,2026-08-17,10:00,78,780,13,3,81.2,24,30,9,15,18,6,-17.3,90.1
train/wh_00594.jpg,train,2026-08-18,16:00,75,750,13,3,81.2,21,30,9,15,0,3,-20.2,85.2
train/wh_00595.jpg,train,2026-08-19,09:00,72,720,13,3,81.2,21,21,15,15,6,9,-19.8,86.2
train/wh_00596.jpg,train,2026-08-20,09:00,72,720,13,3,81.2,21,18,15,18,9,9,-19.7,89.9
train/wh_00597.jpg,train,2026-08-21,16:00,75,750,13,3,81.2,21,18,18,18,9,6,-20.9,88.0
train/wh_00598.jpg,train,2026-08-22,10:00,63,630,11,5,68.8,18,9,18,18,0,12,-19.1,80.9
train/wh_00599.jpg,train,2026-08-23,09:00,60,600,10,6,62.5,18,6,18,18,0,3,-20.7,82.3
train/wh_00600.jpg,train,2026-08-24,09:00,60,600,10,6,62.5,18,6,18,18,0,0,-19.6,82.7
test/wh_00601.jpg,test,2026-08-25,10:00,51,510,8,8,50.0,9,6,18,18,0,9,-18.5,86.2
train/wh_00602.jpg,train,2026-08-26,15:00,63,630,10,6,62.5,15,15,18,15,15,3,-17.5,91.8
train/wh_00603.jpg,train,2026-08-27,15:00,69,690,11,5,68.8,15,21,18,15,6,0,-18.9,91.2
train/wh_00604.jpg,train,2026-08-28,08:00,69,690,11,5,68.8,15,15,24,15,9,9,-20.4,91.1
train/wh_00605.jpg,train,2026-08-29,15:00,69,690,11,5,68.8,15,15,24,15,0,0,-18.5,87.0
train/wh_00606.jpg,train,2026-08-30,14:00,57,570,9,7,56.2,15,24,15,3,9,21,-21.9,91.0
val/wh_00607.jpg,val,2026-08-31,08:00,57,570,9,7,56.2,15,24,15,3,0,0,-18.3,84.0
train/wh_00608.jpg,train,2026-09-01,16:00,60,600,9,7,56.2,15,21,15,9,9,6,-21.0,87.5
train/wh_00609.jpg,train,2026-09-02,16:00,60,600,9,7,56.2,6,24,15,15,18,18,-21.3,81.6
train/wh_00610.jpg,train,2026-09-03,09:00,78,780,12,4,75.0,12,27,15,24,18,0,-20.4,83.8
test/wh_00611.jpg,test,2026-09-04,15:00,81,810,12,4,75.0,6,27,24,24,9,6,-20.6,89.9
train/wh_00612.jpg,train,2026-09-05,14:00,69,690,11,5,68.8,6,24,15,24,0,12,-19.9,84.4
val/wh_00613.jpg,val,2026-09-06,16:00,51,510,8,8,50.0,6,15,6,24,0,18,-17.5,80.1
val/wh_00614.jpg,val,2026-09-07,15:00,60,600,9,7,56.2,15,15,6,24,9,0,-19.5,79.6
train/wh_00615.jpg,train,2026-09-08,16:00,45,450,7,9,43.8,6,9,6,24,0,15,-19.4,86.8
train/wh_00616.jpg,train,2026-09-09,16:00,45,450,7,9,43.8,6,9,15,15,9,9,-20.6,84.1
train/wh_00617.jpg,train,2026-09-10,10:00,30,300,5,11,31.2,0,9,15,6,0,15,-20.5,88.5
train/wh_00618.jpg,train,2026-09-11,09:00,21,210,4,12,25.0,0,9,6,6,0,9,-22.7,78.2
val/wh_00619.jpg,val,2026-09-12,09:00,36,360,6,10,37.5,0,18,12,6,15,0,-20.1,81.9
train/wh_00620.jpg,train,2026-09-13,10:00,33,330,6,10,37.5,0,9,12,12,9,12,-18.8,81.2
train/wh_00621.jpg,train,2026-09-14,09:00,27,270,5,11,31.2,0,9,6,12,0,6,-20.2,86.8
train/wh_00622.jpg,train,2026-09-15,15:00,30,300,5,11,31.2,0,18,6,6,15,12,-21.6,84.4
train/wh_00623.jpg,train,2026-09-16,14:00,36,360,5,11,31.2,0,18,3,15,9,3,-21.2,79.2
train/wh_00624.jpg,train,2026-09-17,14:00,42,420,6,10,37.5,6,18,3,15,6,0,-18.8,82.8
train/wh_00625.jpg,train,2026-09-18,09:00,36,360,5,11,31.2,0,18,3,15,0,6,-18.5,79.4
train/wh_00626.jpg,train,2026-09-19,08:00,33,330,5,11,31.2,0,18,3,12,0,3,-21.0,87.8
train/wh_00627.jpg,train,2026-09-20,15:00,36,360,5,11,31.2,0,24,3,9,6,3,-18.5,86.1
train/wh_00628.jpg,train,2026-09-21,15:00,30,300,4,12,25.0,0,18,3,9,0,6,-18.6,86.3
test/wh_00629.jpg,test,2026-09-22,14:00,45,450,6,10,37.5,0,27,9,9,15,0,-20.3,89.4
train/wh_00630.jpg,train,2026-09-23,15:00,39,390,6,10,37.5,0,24,6,9,0,6,-21.6,87.0
val/wh_00631.jpg,val,2026-09-24,10:00,48,480,7,9,43.8,0,33,6,9,9,0,-17.7,88.0
train/wh_00632.jpg,train,2026-09-25,10:00,54,540,8,8,50.0,6,33,6,9,6,0,-20.9,80.0
train/wh_00633.jpg,train,2026-09-26,10:00,63,630,9,7,56.2,6,33,15,9,9,0,-18.6,84.6
train/wh_00634.jpg,train,2026-09-27,09:00,72,720,10,6,62.5,0,33,15,24,15,6,-18.8,85.3
train/wh_00635.jpg,train,2026-09-28,14:00,78,780,11,5,68.8,0,24,21,33,15,9,-20.7,90.7
train/wh_00636.jpg,train,2026-09-29,09:00,75,750,11,5,68.8,3,24,18,30,3,6,-19.2,88.3
train/wh_00637.jpg,train,2026-09-30,09:00,60,600,9,7,56.2,3,15,18,24,0,15,-21.8,83.1
test/wh_00638.jpg,test,2026-10-01,16:00,54,540,9,7,56.2,3,15,21,15,3,9,-19.4,83.5
train/wh_00639.jpg,train,2026-10-02,16:00,51,510,8,8,50.0,9,12,18,12,15,18,-18.1,81.2
train/wh_00640.jpg,train,2026-10-03,15:00,51,510,8,8,50.0,9,12,18,12,0,0,-19.9,82.3
train/wh_00641.jpg,train,2026-10-04,09:00,48,480,8,8,50.0,9,15,9,15,12,15,-22.0,82.5
val/wh_00642.jpg,val,2026-10-05,09:00,48,480,8,8,50.0,9,15,9,15,0,0,-20.7,89.1
val/wh_00643.jpg,val,2026-10-06,14:00,48,480,8,8,50.0,9,15,9,15,0,0,-19.7,78.2
train/wh_00644.jpg,train,2026-10-07,15:00,57,570,9,7,56.2,9,15,9,24,9,0,-19.6,86.7
train/wh_00645.jpg,train,2026-10-08,16:00,63,630,11,5,68.8,24,12,9,18,15,9,-18.0,80.9
train/wh_00646.jpg,train,2026-10-09,15:00,54,540,10,6,62.5,24,12,9,9,0,9,-19.2,89.2
val/wh_00647.jpg,val,2026-10-10,09:00,51,510,10,6,62.5,15,12,15,9,6,9,-18.3,84.8
train/wh_00648.jpg,train,2026-10-11,10:00,39,390,7,9,43.8,9,9,12,9,0,12,-20.2,78.9
train/wh_00649.jpg,train,2026-10-12,15:00,36,360,7,9,43.8,9,9,12,6,0,3,-18.1,79.5
train/wh_00650.jpg,train,2026-10-13,09:00,36,360,7,9,43.8,9,9,12,6,0,0,-20.4,89.3
train/wh_00651.jpg,train,2026-10-14,15:00,36,360,7,9,43.8,9,9,12,6,6,6,-19.6,87.7
train/wh_00652.jpg,train,2026-10-15,15:00,36,360,7,9,43.8,12,9,12,3,3,3,-20.2,83.9
train/wh_00653.jpg,train,2026-10-16,14:00,39,390,8,8,50.0,12,12,12,3,3,0,-20.2,91.7
train/wh_00654.jpg,train,2026-10-17,09:00,48,480,10,6,62.5,12,12,12,12,9,0,-17.6,91.4
train/wh_00655.jpg,train,2026-10-18,16:00,45,450,9,7,56.2,12,9,12,12,0,3,-20.1,84.3
train/wh_00656.jpg,train,2026-10-19,09:00,39,390,8,8,50.0,12,9,12,6,0,6,-19.8,87.3
train/wh_00657.jpg,train,2026-10-20,15:00,42,420,8,8,50.0,9,18,9,6,9,6,-19.1,84.9
train/wh_00658.jpg,train,2026-10-21,08:00,39,390,8,8,50.0,6,18,9,6,3,6,-18.4,78.9
train/wh_00659.jpg,train,2026-10-22,08:00,36,360,7,9,43.8,6,18,9,3,0,3,-20.1,87.2
train/wh_00660.jpg,train,2026-10-23,16:00,30,300,5,11,31.2,0,18,9,3,0,6,-18.5,87.8
train/wh_00661.jpg,train,2026-10-24,15:00,21,210,4,12,25.0,0,9,9,3,0,9,-19.8,91.9
train/wh_00662.jpg,train,2026-10-25,10:00,57,570,8,8,50.0,18,18,15,6,42,6,-17.6,84.8
test/wh_00663.jpg,test,2026-10-26,16:00,63,630,9,7,56.2,24,18,15,6,6,0,-20.1,87.7
train/wh_00664.jpg,train,2026-10-27,08:00,66,660,10,6,62.5,18,15,6,27,27,24,-20.3,87.7
train/wh_00665.jpg,train,2026-10-28,16:00,63,630,10,6,62.5,18,6,15,24,9,12,-19.5,78.2
train/wh_00666.jpg,train,2026-10-29,15:00,81,810,12,4,75.0,18,15,24,24,18,0,-22.6,83.0
train/wh_00667.jpg,train,2026-10-30,15:00,81,810,12,4,75.0,15,24,24,18,9,9,-19.7,88.4
train/wh_00668.jpg,train,2026-10-31,15:00,69,690,11,5,68.8,12,24,24,9,0,12,-19.5,87.4
train/wh_00669.jpg,train,2026-11-01,16:00,66,660,11,5,68.8,18,24,15,9,6,9,-21.4,89.3
train/wh_00670.jpg,train,2026-11-02,10:00,60,600,9,7,56.2,18,24,9,9,0,6,-19.9,89.0
train/wh_00671.jpg,train,2026-11-03,16:00,51,510,8,8,50.0,18,15,9,9,0,9,-21.8,89.7
train/wh_00672.jpg,train,2026-11-04,15:00,51,510,8,8,50.0,18,15,9,9,0,0,-20.8,81.0
train/wh_00673.jpg,train,2026-11-05,16:00,57,570,9,7,56.2,18,15,9,15,6,0,-19.0,82.4
train/wh_00674.jpg,train,2026-11-06,16:00,51,510,9,7,56.2,12,15,9,15,0,6,-21.4,85.7
train/wh_00675.jpg,train,2026-11-07,09:00,51,510,9,7,56.2,12,15,9,15,0,0,-22.5,79.4
test/wh_00676.jpg,test,2026-11-08,15:00,51,510,10,6,62.5,12,18,6,15,3,3,-19.4,92.0
train/wh_00677.jpg,train,2026-11-09,09:00,57,570,10,6,62.5,12,18,15,12,9,3,-20.2,80.2
train/wh_00678.jpg,train,2026-11-10,10:00,66,660,11,5,68.8,15,15,15,21,12,3,-18.4,89.1
train/wh_00679.jpg,train,2026-11-11,15:00,54,540,10,6,62.5,15,6,15,18,0,12,-21.0,84.1
train/wh_00680.jpg,train,2026-11-12,16:00,51,510,9,7,56.2,9,6,18,18,6,9,-17.8,80.3
train/wh_00681.jpg,train,2026-11-13,09:00,54,540,9,7,56.2,18,6,12,18,9,6,-19.3,82.2
train/wh_00682.jpg,train,2026-11-14,14:00,54,540,9,7,56.2,18,6,12,18,0,0,-18.4,82.3
val/wh_00683.jpg,val,2026-11-15,09:00,57,570,9,7,56.2,18,15,12,12,18,15,-20.7,90.1
train/wh_00684.jpg,train,2026-11-16,10:00,54,540,9,7,56.2,6,15,21,12,9,12,-21.0,89.7
train/wh_00685.jpg,train,2026-11-17,14:00,51,510,9,7,56.2,12,6,21,12,6,9,-20.2,89.5
train/wh_00686.jpg,train,2026-11-18,15:00,51,510,8,8,50.0,12,0,27,12,9,9,-21.5,90.3
train/wh_00687.jpg,train,2026-11-19,14:00,69,690,10,6,62.5,21,9,27,12,18,0,-21.0,88.6
train/wh_00688.jpg,train,2026-11-20,15:00,72,720,11,5,68.8,21,6,27,18,6,3,-19.4,90.8
train/wh_00689.jpg,train,2026-11-21,09:00,75,750,11,5,68.8,18,12,27,18,6,3,-20.6,82.4
train/wh_00690.jpg,train,2026-11-22,15:00,75,750,11,5,68.8,27,21,9,18,18,18,-20.4,91.5
train/wh_00691.jpg,train,2026-11-23,09:00,75,750,11,5,68.8,27,21,9,18,0,0,-22.3,84.3
test/wh_00692.jpg,test,2026-11-24,16:00,93,930,13,3,81.2,27,30,18,18,18,0,-22.8,82.2
train/wh_00693.jpg,train,2026-11-25,08:00,90,900,12,4,75.0,27,18,18,27,9,12,-20.3,91.1
test/wh_00694.jpg,test,2026-11-26,15:00,81,810,11,5,68.8,27,9,18,27,0,9,-19.2,89.2
train/wh_00695.jpg,train,2026-11-27,08:00,81,810,11,5,68.8,27,9,27,18,9,9,-20.7,87.1
test/wh_00696.jpg,test,2026-11-28,08:00,63,630,9,7,56.2,27,9,18,9,0,18,-19.9,79.8
train/wh_00697.jpg,train,2026-11-29,09:00,54,540,8,8,50.0,27,9,9,9,0,9,-18.2,81.1
train/wh_00698.jpg,train,2026-11-30,16:00,45,450,7,9,43.8,27,9,0,9,0,9,-17.8,82.9
train/wh_00699.jpg,train,2026-12-01,08:00,60,600,9,7,56.2,27,18,6,9,15,0,-18.6,82.0
train/wh_00700.jpg,train,2026-12-02,10:00,60,600,9,7,56.2,27,18,6,9,0,0,-19.2,88.9
train/wh_00701.jpg,train,2026-12-03,14:00,60,600,9,7,56.2,27,18,6,9,0,0,-19.5,88.9
val/wh_00702.jpg,val,2026-12-04,14:00,60,600,9,7,56.2,27,18,6,9,0,0,-22.1,87.1
train/wh_00703.jpg,train,2026-12-05,15:00,51,510,8,8,50.0,21,15,6,9,0,9,-19.2,89.8
train/wh_00704.jpg,train,2026-12-06,08:00,54,540,8,8,50.0,21,21,6,6,6,3,-18.9,85.5
train/wh_00705.jpg,train,2026-12-07,08:00,54,540,8,8,50.0,21,21,6,6,0,0,-19.9,87.0
train/wh_00706.jpg,train,2026-12-08,08:00,57,570,9,7,56.2,12,21,6,18,12,9,-19.8,81.9
train/wh_00707.jpg,train,2026-12-09,08:00,60,600,10,6,62.5,12,18,15,15,9,6,-20.5,89.6
train/wh_00708.jpg,train,2026-12-10,09:00,51,510,9,7,56.2,9,18,15,9,0,9,-20.6,89.0
train/wh_00709.jpg,train,2026-12-11,14:00,33,330,6,10,37.5,3,6,15,9,0,18,-20.5,80.7
train/wh_00710.jpg,train,2026-12-12,14:00,30,300,6,10,37.5,3,3,15,9,0,3,-18.7,83.7
train/wh_00711.jpg,train,2026-12-13,09:00,27,270,4,12,25.0,9,0,9,9,9,12,-19.4,86.5
train/wh_00712.jpg,train,2026-12-14,14:00,45,450,6,10,37.5,27,0,9,9,18,0,-20.3,86.2
train/wh_00713.jpg,train,2026-12-15,09:00,45,450,6,10,37.5,18,9,9,9,9,9,-19.4,86.7
val/wh_00714.jpg,val,2026-12-16,09:00,60,600,8,8,50.0,18,9,24,9,24,9,-20.7,80.6
train/wh_00715.jpg,train,2026-12-17,10:00,57,570,8,8,50.0,21,9,18,9,12,15,-17.9,86.3
train/wh_00716.jpg,train,2026-12-18,14:00,63,630,9,7,56.2,18,18,18,9,9,3,-20.4,91.6
train/wh_00717.jpg,train,2026-12-19,09:00,57,570,8,8,50.0,12,18,18,9,0,6,-19.8,82.7
train/wh_00718.jpg,train,2026-12-20,14:00,66,660,9,7,56.2,12,18,27,9,9,0,-21.2,79.9
train/wh_00719.jpg,train,2026-12-21,08:00,66,660,9,7,56.2,12,18,27,9,0,0,-19.9,90.2
train/wh_00720.jpg,train,2026-12-22,10:00,72,720,11,5,68.8,9,27,27,9,12,6,-20.6,85.8
train/wh_00721.jpg,train,2026-12-23,14:00,81,810,12,4,75.0,15,27,24,15,12,3,-20.6,89.9
train/wh_00722.jpg,train,2026-12-24,09:00,87,870,13,3,81.2,15,27,30,15,9,3,-20.6,88.8
train/wh_00723.jpg,train,2026-12-25,08:00,87,870,13,3,81.2,9,27,27,24,9,9,-20.4,78.5
train/wh_00724.jpg,train,2026-12-26,09:00,81,810,12,4,75.0,9,27,27,18,0,6,-20.9,85.1
test/wh_00725.jpg,test,2026-12-27,14:00,60,600,9,7,56.2,3,18,21,18,0,21,-18.2,85.2
train/wh_00726.jpg,train,2026-12-28,09:00,66,660,10,6,62.5,12,15,21,18,9,3,-21.2,81.5
train/wh_00727.jpg,train,2026-12-29,15:00,66,660,10,6,62.5,12,15,21,18,0,0,-20.6,84.6
train/wh_00728.jpg,train,2026-12-30,16:00,66,660,10,6,62.5,12,15,21,18,0,0,-17.9,88.5
train/wh_00729.jpg,train,2026-12-31,08:00,60,600,9,7,56.2,12,24,21,3,9,15,-21.0,84.3
train/wh_00730.jpg,train,2027-01-01,09:00,45,450,7,9,43.8,12,15,18,0,0,15,-20.0,91.6
train/wh_00731.jpg,train,2027-01-02,09:00,54,540,10,6,62.5,12,15,21,6,9,0,-18.9,84.8
val/wh_00732.jpg,val,2027-01-03,08:00,60,600,10,6,62.5,12,18,18,12,15,9,-20.8,89.4
train/wh_00733.jpg,train,2027-01-04,15:00,69,690,11,5,68.8,12,18,18,21,9,0,-21.8,82.4
train/wh_00734.jpg,train,2027-01-05,16:00,72,720,11,5,68.8,21,18,18,15,9,6,-20.6,91.7
train/wh_00735.jpg,train,2027-01-06,10:00,78,780,12,4,75.0,27,9,27,15,15,9,-18.2,79.5
train/wh_00736.jpg,train,2027-01-07,14:00,75,750,12,4,75.0,24,9,27,15,0,3,-19.9,83.6
train/wh_00737.jpg,train,2027-01-08,10:00,63,630,11,5,68.8,21,9,21,12,0,12,-19.0,91.3
train/wh_00738.jpg,train,2027-01-09,08:00,54,540,10,6,62.5,21,0,21,12,0,9,-19.4,86.7
train/wh_00739.jpg,train,2027-01-10,08:00,51,510,9,7,56.2,18,0,21,12,0,3,-21.0,87.7
train/wh_00740.jpg,train,2027-01-11,16:00,51,510,9,7,56.2,18,0,21,12,0,0,-18.8,78.4
train/wh_00741.jpg,train,2027-01-12,14:00,60,600,10,6,62.5,18,9,15,18,15,6,-17.9,91.0
train/wh_00742.jpg,train,2027-01-13,16:00,45,450,8,8,50.0,15,9,12,9,0,15,-19.9,86.0
test/wh_00743.jpg,test,2027-01-14,08:00,39,390,7,9,43.8,15,9,12,3,0,6,-19.9,79.2
train/wh_00744.jpg,train,2027-01-15,10:00,60,600,10,6,62.5,24,12,21,3,21,0,-20.3,82.5
train/wh_00745.jpg,train,2027-01-16,09:00,48,480,8,8,50.0,15,12,21,0,0,12,-19.3,85.8
val/wh_00746.jpg,val,2027-01-17,15:00,51,510,9,7,56.2,12,12,21,6,6,3,-20.6,90.2
train/wh_00747.jpg,train,2027-01-18,16:00,51,510,9,7,56.2,12,12,21,6,0,0,-20.0,81.9
train/wh_00748.jpg,train,2027-01-19,16:00,48,480,9,7,56.2,12,9,21,6,6,9,-20.9,81.3
train/wh_00749.jpg,train,2027-01-20,09:00,54,540,9,7,56.2,12,9,27,6,9,3,-20.9,81.3
train/wh_00750.jpg,train,2027-01-21,14:00,45,450,7,9,43.8,9,9,27,0,6,15,-20.0,80.6
train/wh_00751.jpg,train,2027-01-22,09:00,45,450,7,9,43.8,3,6,36,0,9,9,-19.5,84.7
train/wh_00752.jpg,train,2027-01-23,14:00,45,450,8,8,50.0,15,12,18,0,18,18,-20.3,84.4
train/wh_00753.jpg,train,2027-01-24,09:00,36,360,6,10,37.5,3,9,18,6,6,15,-21.9,87.6
train/wh_00754.jpg,train,2027-01-25,16:00,45,450,8,8,50.0,12,9,18,6,9,0,-20.1,87.7
train/wh_00755.jpg,train,2027-01-26,14:00,60,600,10,6,62.5,21,15,18,6,15,0,-18.8,83.7
val/wh_00756.jpg,val,2027-01-27,09:00,69,690,11,5,68.8,21,15,27,6,9,0,-20.9,89.1
train/wh_00757.jpg,train,2027-01-28,16:00,60,600,10,6,62.5,21,9,27,3,0,9,-20.7,89.0
train/wh_00758.jpg,train,2027-01-29,08:00,57,570,10,6,62.5,21,6,27,3,0,3,-21.4,81.9
train/wh_00759.jpg,train,2027-01-30,16:00,63,630,11,5,68.8,21,6,24,12,9,3,-21.2,80.4
train/wh_00760.jpg,train,2027-01-31,08:00,48,480,9,7,56.2,15,6,24,3,0,15,-20.6,89.1
train/wh_00761.jpg,train,2027-02-01,10:00,57,570,12,4,75.0,21,12,21,3,15,6,-19.2,89.4
train/wh_00762.jpg,train,2027-02-02,08:00,57,570,12,4,75.0,21,6,21,9,6,6,-18.2,78.3
train/wh_00763.jpg,train,2027-02-03,09:00,60,600,12,4,75.0,21,12,21,6,6,3,-19.0,88.7
test/wh_00764.jpg,test,2027-02-04,10:00,45,450,10,6,62.5,6,21,18,0,9,24,-21.1,89.1
test/wh_00765.jpg,test,2027-02-05,08:00,45,450,11,5,68.8,6,18,18,3,3,3,-20.4,78.2
train/wh_00766.jpg,train,2027-02-06,09:00,39,390,9,7,56.2,6,18,12,3,0,6,-17.8,90.3
train/wh_00767.jpg,train,2027-02-07,14:00,30,300,6,10,37.5,6,15,0,9,9,18,-21.0,86.5
train/wh_00768.jpg,train,2027-02-08,14:00,48,480,8,8,50.0,15,15,0,18,18,0,-20.6,79.6
train/wh_00769.jpg,train,2027-02-09,16:00,54,540,8,8,50.0,15,12,9,18,9,3,-20.2,90.8
train/wh_00770.jpg,train,2027-02-10,16:00,60,600,10,6,62.5,15,12,12,21,15,9,-19.5,82.2
train/wh_00771.jpg,train,2027-02-11,08:00,66,660,11,5,68.8,24,12,9,21,9,3,-19.6,81.7
train/wh_00772.jpg,train,2027-02-12,16:00,75,750,12,4,75.0,24,21,9,21,9,0,-18.7,79.9
train/wh_00773.jpg,train,2027-02-13,08:00,63,630,10,6,62.5,21,12,9,21,0,12,-20.9,82.6
train/wh_00774.jpg,train,2027-02-14,08:00,81,810,12,4,75.0,21,27,3,30,24,6,-20.9,90.3
train/wh_00775.jpg,train,2027-02-15,16:00,75,750,11,5,68.8,21,21,3,30,0,6,-19.9,88.5
val/wh_00776.jpg,val,2027-02-16,15:00,66,660,10,6,62.5,12,21,3,30,0,9,-17.6,78.1
train/wh_00777.jpg,train,2027-02-17,16:00,54,540,8,8,50.0,12,21,3,18,3,15,-20.2,91.0
train/wh_00778.jpg,train,2027-02-18,16:00,60,600,9,7,56.2,12,21,9,18,6,0,-20.5,87.7
train/wh_00779.jpg,train,2027-02-19,09:00,60,600,10,6,62.5,15,18,9,18,3,3,-20.2,83.4
train/wh_00780.jpg,train,2027-02-20,08:00,60,600,10,6,62.5,15,18,9,18,0,0,-18.8,81.8
test/wh_00781.jpg,test,2027-02-21,16:00,60,600,10,6,62.5,15,18,9,18,0,0,-21.2,85.7
train/wh_00782.jpg,train,2027-02-22,09:00,75,750,12,4,75.0,21,18,18,18,15,0,-21.6,86.5
train/wh_00783.jpg,train,2027-02-23,09:00,75,750,12,4,75.0,15,18,18,24,6,6,-16.4,85.5
train/wh_00784.jpg,train,2027-02-24,16:00,69,690,12,4,75.0,12,18,18,21,9,15,-20.1,78.6
train/wh_00785.jpg,train,2027-02-25,10:00,66,660,12,4,75.0,12,18,18,18,0,3,-21.0,80.7
train/wh_00786.jpg,train,2027-02-26,08:00,57,570,10,6,62.5,12,18,18,9,0,9,-20.6,90.1
train/wh_00787.jpg,train,2027-02-27,09:00,48,480,9,7,56.2,12,9,18,9,0,9,-20.3,84.7
test/wh_00788.jpg,test,2027-02-28,15:00,51,510,9,7,56.2,12,9,21,9,9,6,-21.1,88.4
train/wh_00789.jpg,train,2027-03-01,10:00,45,450,8,8,50.0,12,3,21,9,0,6,-21.0,80.3
train/wh_00790.jpg,train,2027-03-02,16:00,39,390,7,9,43.8,6,3,21,9,0,6,-20.8,89.9
train/wh_00791.jpg,train,2027-03-03,08:00,42,420,8,8,50.0,6,15,9,12,15,12,-19.1,89.8
train/wh_00792.jpg,train,2027-03-04,08:00,45,450,9,7,56.2,9,15,9,12,3,0,-19.4,81.6
train/wh_00793.jpg,train,2027-03-05,16:00,42,420,9,7,56.2,12,9,9,12,12,15,-20.7,85.6
train/wh_00794.jpg,train,2027-03-06,08:00,54,540,11,5,68.8,12,15,15,12,12,0,-20.3,89.2
train/wh_00795.jpg,train,2027-03-07,14:00,51,510,11,5,68.8,12,15,15,9,0,3,-19.3,89.2
train/wh_00796.jpg,train,2027-03-08,09:00,66,660,13,3,81.2,9,24,24,9,18,3,-18.7,82.1
train/wh_00797.jpg,train,2027-03-09,08:00,54,540,12,4,75.0,9,15,21,9,0,12,-21.0,81.9
train/wh_00798.jpg,train,2027-03-10,08:00,42,420,10,6,62.5,6,12,21,3,0,12,-20.0,85.7
val/wh_00799.jpg,val,2027-03-11,16:00,42,420,10,6,62.5,6,12,21,3,0,0,-17.3,79.2
train/wh_00800.jpg,train,2027-03-12,09:00,36,360,8,8,50.0,6,9,18,3,0,6,-20.0,90.0
train/wh_00801.jpg,train,2027-03-13,14:00,42,420,8,8,50.0,6,3,12,21,18,12,-20.0,84.4
train/wh_00802.jpg,train,2027-03-14,09:00,36,360,7,9,43.8,6,3,6,21,0,6,-19.3,86.2
train/wh_00803.jpg,train,2027-03-15,14:00,30,300,6,10,37.5,3,3,6,18,6,12,-20.8,84.6
train/wh_00804.jpg,train,2027-03-16,08:00,30,300,6,10,37.5,3,12,6,9,9,9,-20.2,78.5
train/wh_00805.jpg,train,2027-03-17,14:00,42,420,7,9,43.8,3,12,24,3,21,9,-20.1,78.6
train/wh_00806.jpg,train,2027-03-18,09:00,39,390,7,9,43.8,3,12,15,9,6,9,-21.5,81.2
train/wh_00807.jpg,train,2027-03-19,16:00,42,420,7,9,43.8,3,12,15,12,6,3,-21.7,78.2
train/wh_00808.jpg,train,2027-03-20,15:00,60,600,9,7,56.2,12,12,15,21,18,0,-21.3,88.9
train/wh_00809.jpg,train,2027-03-21,14:00,75,750,11,5,68.8,21,18,24,12,24,9,-20.6,85.4
val/wh_00810.jpg,val,2027-03-22,15:00,75,750,11,5,68.8,21,18,24,12,0,0,-20.1,85.8
train/wh_00811.jpg,train,2027-03-23,14:00,66,660,10,6,62.5,21,18,15,12,0,9,-20.4,91.5
train/wh_00812.jpg,train,2027-03-24,08:00,75,750,11,5,68.8,21,18,24,12,9,0,-20.6,87.3
train/wh_00813.jpg,train,2027-03-25,14:00,69,690,10,6,62.5,21,18,24,6,0,6,-20.0,85.1
train/wh_00814.jpg,train,2027-03-26,10:00,75,750,11,5,68.8,21,18,24,12,6,0,-20.8,92.0
train/wh_00815.jpg,train,2027-03-27,08:00,60,600,9,7,56.2,21,18,15,6,0,15,-18.3,79.6
train/wh_00816.jpg,train,2027-03-28,09:00,60,600,9,7,56.2,21,18,15,6,0,0,-22.6,91.6
test/wh_00817.jpg,test,2027-03-29,14:00,60,600,9,7,56.2,21,18,15,6,0,0,-21.6,90.3
train/wh_00818.jpg,train,2027-03-30,14:00,60,600,9,7,56.2,12,18,15,15,9,9,-19.5,79.0
train/wh_00819.jpg,train,2027-03-31,09:00,63,630,8,8,50.0,9,15,24,15,9,6,-19.4,80.5
train/wh_00820.jpg,train,2027-04-01,14:00,72,720,9,7,56.2,9,24,24,15,9,0,-21.4,79.6
val/wh_00821.jpg,val,2027-04-02,08:00,87,870,11,5,68.8,9,24,30,24,15,0,-20.8,88.0
train/wh_00822.jpg,train,2027-04-03,15:00,78,780,10,6,62.5,9,18,30,21,0,9,-20.3,91.7
train/wh_00823.jpg,train,2027-04-04,15:00,69,690,10,6,62.5,9,18,27,15,3,12,-18.9,80.7
test/wh_00824.jpg,test,2027-04-05,16:00,69,690,10,6,62.5,9,18,27,15,0,0,-18.1,78.5
train/wh_00825.jpg,train,2027-04-06,14:00,66,660,10,6,62.5,9,18,24,15,0,3,-21.3,85.2
val/wh_00826.jpg,val,2027-04-07,09:00,48,480,8,8,50.0,9,9,15,15,0,18,-20.7,87.7
train/wh_00827.jpg,train,2027-04-08,14:00,48,480,8,8,50.0,9,9,15,15,0,0,-20.2,84.2
train/wh_00828.jpg,train,2027-04-09,15:00,39,390,7,9,43.8,0,9,15,15,0,9,-19.3,85.1
train/wh_00829.jpg,train,2027-04-10,14:00,39,390,7,9,43.8,0,9,15,15,0,0,-21.2,88.4
train/wh_00830.jpg,train,2027-04-11,08:00,45,450,7,9,43.8,9,9,12,15,9,3,-20.8,85.3
train/wh_00831.jpg,train,2027-04-12,10:00,54,540,8,8,50.0,18,9,12,15,9,0,-20.7,89.8
val/wh_00832.jpg,val,2027-04-13,16:00,54,540,9,7,56.2,18,9,12,15,3,3,-17.6,82.4
test/wh_00833.jpg,test,2027-04-14,09:00,54,540,9,7,56.2,18,12,9,15,3,3,-19.1,87.7
train/wh_00834.jpg,train,2027-04-15,10:00,42,420,7,9,43.8,18,3,9,12,0,12,-19.4,84.6
train/wh_00835.jpg,train,2027-04-16,10:00,48,480,8,8,50.0,18,12,0,18,15,9,-20.7,81.5
train/wh_00836.jpg,train,2027-04-17,08:00,45,450,8,8,50.0,15,12,0,18,6,9,-18.6,88.4
train/wh_00837.jpg,train,2027-04-18,14:00,45,450,8,8,50.0,15,12,0,18,0,0,-21.0,83.4
train/wh_00838.jpg,train,2027-04-19,10:00,45,450,8,8,50.0,15,12,0,18,0,0,-19.7,80.9
train/wh_00839.jpg,train,2027-04-20,08:00,33,330,7,9,43.8,6,9,0,18,0,12,-19.9,86.5
train/wh_00840.jpg,train,2027-04-21,14:00,39,390,7,9,43.8,9,9,9,12,18,12,-22.1,88.9
test/wh_00841.jpg,test,2027-04-22,15:00,33,330,6,10,37.5,0,9,9,15,6,12,-18.4,88.9
train/wh_00842.jpg,train,2027-04-23,10:00,51,510,8,8,50.0,0,18,18,15,18,0,-19.9,79.4
train/wh_00843.jpg,train,2027-04-24,10:00,51,510,8,8,50.0,0,18,18,15,0,0,-19.9,87.5
train/wh_00844.jpg,train,2027-04-25,15:00,60,600,9,7,56.2,9,18,18,15,9,0,-21.1,86.0
train/wh_00845.jpg,train,2027-04-26,14:00,60,600,9,7,56.2,9,18,18,15,0,0,-17.8,82.6
train/wh_00846.jpg,train,2027-04-27,16:00,81,810,12,4,75.0,18,27,21,15,21,0,-19.1,83.1
train/wh_00847.jpg,train,2027-04-28,16:00,72,720,11,5,68.8,9,27,21,15,0,9,-19.6,79.6
train/wh_00848.jpg,train,2027-04-29,14:00,72,720,11,5,68.8,0,27,30,15,9,9,-20.8,91.1
train/wh_00849.jpg,train,2027-04-30,14:00,96,960,14,2,87.5,27,27,30,12,27,3,-20.4,91.7
train/wh_00850.jpg,train,2027-05-01,15:00,84,840,12,4,75.0,27,15,30,12,0,12,-20.1,82.9
train/wh_00851.jpg,train,2027-05-02,16:00,84,840,12,4,75.0,27,15,30,12,0,0,-19.7,80.4
train/wh_00852.jpg,train,2027-05-03,15:00,75,750,11,5,68.8,27,15,21,12,0,9,-20.1,90.7
train/wh_00853.jpg,train,2027-05-04,16:00,69,690,10,6,62.5,18,15,27,9,6,12,-20.4,89.1
train/wh_00854.jpg,train,2027-05-05,15:00,69,690,10,6,62.5,18,15,27,9,0,0,-19.8,90.1
train/wh_00855.jpg,train,2027-05-06,08:00,69,690,10,6,62.5,18,15,27,9,0,0,-20.0,83.8
train/wh_00856.jpg,train,2027-05-07,08:00,69,690,11,5,68.8,21,18,27,3,9,9,-20.2,90.7
train/wh_00857.jpg,train,2027-05-08,14:00,81,810,13,3,81.2,30,18,15,18,24,12,-20.6,90.3
val/wh_00858.jpg,val,2027-05-09,14:00,90,900,14,2,87.5,30,27,15,18,9,0,-19.2,80.9
train/wh_00859.jpg,train,2027-05-10,16:00,90,900,14,2,87.5,30,27,15,18,0,0,-19.0,80.6
train/wh_00860.jpg,train,2027-05-11,16:00,81,810,13,3,81.2,21,27,15,18,0,9,-19.0,90.9
train/wh_00861.jpg,train,2027-05-12,08:00,81,810,13,3,81.2,21,27,15,18,0,0,-17.1,86.2
train/wh_00862.jpg,train,2027-05-13,08:00,78,780,12,4,75.0,18,27,15,18,0,3,-20.2,82.2
train/wh_00863.jpg,train,2027-05-14,16:00,72,720,11,5,68.8,18,21,15,18,0,6,-19.2,91.9
test/wh_00864.jpg,test,2027-05-15,15:00,72,720,11,5,68.8,18,21,15,18,0,0,-21.1,86.4
train/wh_00865.jpg,train,2027-05-16,15:00,81,810,13,3,81.2,18,21,18,24,12,3,-18.1,87.1
test/wh_00866.jpg,test,2027-05-17,15:00,60,600,10,6,62.5,18,12,15,15,0,21,-21.8,88.3
test/wh_00867.jpg,test,2027-05-18,15:00,57,570,10,6,62.5,18,12,15,12,0,3,-20.6,79.1
train/wh_00868.jpg,train,2027-05-19,09:00,54,540,10,6,62.5,18,15,15,6,6,9,-19.7,78.4
train/wh_00869.jpg,train,2027-05-20,14:00,54,540,10,6,62.5,18,15,15,6,0,0,-17.1,88.6
train/wh_00870.jpg,train,2027-05-21,08:00,66,660,11,5,68.8,24,24,15,3,15,3,-19.6,88.4
train/wh_00871.jpg,train,2027-05-22,09:00,54,540,9,7,56.2,18,21,12,3,0,12,-17.9,86.6
train/wh_00872.jpg,train,2027-05-23,14:00,60,600,9,7,56.2,18,21,21,0,9,3,-20.4,81.9
train/wh_00873.jpg,train,2027-05-24,14:00,60,600,9,7,56.2,18,24,18,0,3,3,-21.8,83.4
train/wh_00874.jpg,train,2027-05-25,08:00,66,660,11,5,68.8,18,21,18,9,9,3,-18.4,78.9
val/wh_00875.jpg,val,2027-05-26,10:00,60,600,10,6,62.5,18,21,18,3,0,6,-20.7,86.6
train/wh_00876.jpg,train,2027-05-27,14:00,60,600,10,6,62.5,18,21,18,3,0,0,-19.3,79.7
train/wh_00877.jpg,train,2027-05-28,14:00,63,630,10,6,62.5,18,21,15,9,6,3,-18.6,79.8
train/wh_00878.jpg,train,2027-05-29,10:00,57,570,9,7,56.2,18,15,6,18,9,15,-20.3,88.0
train/wh_00879.jpg,train,2027-05-30,15:00,57,570,9,7,56.2,9,15,15,18,9,9,-18.7,88.5
val/wh_00880.jpg,val,2027-05-31,16:00,60,600,10,6,62.5,9,15,15,21,9,6,-21.7,81.0
train/wh_00881.jpg,train,2027-06-01,09:00,60,600,10,6,62.5,9,15,15,21,0,0,-18.1,91.3
test/wh_00882.jpg,test,2027-06-02,10:00,48,480,9,7,56.2,6,6,15,21,0,12,-21.5,78.1
train/wh_00883.jpg,train,2027-06-03,10:00,54,540,9,7,56.2,15,3,15,21,18,12,-19.6,81.0
train/wh_00884.jpg,train,2027-06-04,14:00,60,600,10,6,62.5,21,3,15,21,6,0,-22.4,81.8
train/wh_00885.jpg,train,2027-06-05,09:00,66,660,10,6,62.5,30,9,15,12,15,9,-19.6,80.3
train/wh_00886.jpg,train,2027-06-06,16:00,78,780,12,4,75.0,30,9,15,24,12,0,-20.2,81.5
train/wh_00887.jpg,train,2027-06-07,15:00,69,690,10,6,62.5,24,9,24,12,9,18,-18.0,88.7
train/wh_00888.jpg,train,2027-06-08,10:00,72,720,10,6,62.5,15,21,24,12,15,12,-18.6,78.9
train/wh_00889.jpg,train,2027-06-09,09:00,66,660,9,7,56.2,15,15,24,12,0,6,-22.5,84.3
test/wh_00890.jpg,test,2027-06-10,08:00,63,630,9,7,56.2,15,15,21,12,0,3,-19.7,84.6
train/wh_00891.jpg,train,2027-06-11,09:00,63,630,9,7,56.2,15,15,21,12,0,0,-21.0,89.3
train/wh_00892.jpg,train,2027-06-12,08:00,57,570,9,7,56.2,15,15,15,12,3,9,-20.2,82.7
train/wh_00893.jpg,train,2027-06-13,16:00,51,510,8,8,50.0,15,9,15,12,0,6,-19.8,78.0
train/wh_00894.jpg,train,2027-06-14,10:00,75,750,11,5,68.8,24,18,15,18,24,0,-19.5,88.2
train/wh_00895.jpg,train,2027-06-15,16:00,75,750,11,5,68.8,24,18,15,18,0,0,-19.9,81.1
train/wh_00896.jpg,train,2027-06-16,14:00,69,690,11,5,68.8,21,18,15,15,0,6,-20.1,79.0
test/wh_00897.jpg,test,2027-06-17,08:00,72,720,12,4,75.0,30,15,15,12,12,9,-21.9,80.1
train/wh_00898.jpg,train,2027-06-18,14:00,57,570,9,7,56.2,30,9,12,6,0,15,-19.3,83.8
train/wh_00899.jpg,train,2027-06-19,09:00,69,690,11,5,68.8,27,24,12,6,15,3,-21.8,90.8
train/wh_00900.jpg,train,2027-06-20,14:00,75,750,12,4,75.0,27,21,21,6,9,3,-22.9,87.7
train/wh_00901.jpg,train,2027-06-21,09:00,75,750,12,4,75.0,24,24,21,6,3,3,-19.6,83.3
train/wh_00902.jpg,train,2027-06-22,09:00,81,810,13,3,81.2,24,24,21,12,6,0,-20.5,86.9
train/wh_00903.jpg,train,2027-06-23,10:00,87,870,13,3,81.2,33,24,18,12,9,3,-18.5,90.5
val/wh_00904.jpg,val,2027-06-24,16:00,78,780,12,4,75.0,24,24,18,12,0,9,-20.6,90.7
train/wh_00905.jpg,train,2027-06-25,15:00,75,750,11,5,68.8,24,21,18,12,0,3,-21.5,87.8
train/wh_00906.jpg,train,2027-06-26,08:00,66,660,10,6,62.5,15,21,18,12,0,9,-18.8,82.2
val/wh_00907.jpg,val,2027-06-27,14:00,36,360,6,10,37.5,6,9,9,12,0,30,-20.2,85.1
train/wh_00908.jpg,train,2027-06-28,15:00,48,480,8,8,50.0,6,9,15,18,12,0,-22.9,83.7
train/wh_00909.jpg,train,2027-06-29,10:00,57,570,9,7,56.2,15,18,12,12,18,9,-20.4,89.0
train/wh_00910.jpg,train,2027-06-30,10:00,48,480,7,9,43.8,15,18,12,3,0,9,-18.5,81.3
train/wh_00911.jpg,train,2027-07-01,10:00,45,450,7,9,43.8,21,9,12,3,6,9,-18.9,78.3
train/wh_00912.jpg,train,2027-07-02,14:00,51,510,8,8,50.0,21,9,12,9,6,0,-19.8,78.5
train/wh_00913.jpg,train,2027-07-03,08:00,39,390,6,10,37.5,15,9,12,3,0,12,-19.6,85.9
train/wh_00914.jpg,train,2027-07-04,16:00,39,390,6,10,37.5,15,9,12,3,0,0,-19.3,87.0
train/wh_00915.jpg,train,2027-07-05,15:00,36,360,6,10,37.5,15,0,12,9,6,9,-20.5,89.3
train/wh_00916.jpg,train,2027-07-06,14:00,45,450,7,9,43.8,15,0,12,18,9,0,-19.4,86.9
train/wh_00917.jpg,train,2027-07-07,15:00,36,360,6,10,37.5,6,0,6,24,9,18,-20.2,87.8
test/wh_00918.jpg,test,2027-07-08,09:00,48,480,8,8,50.0,6,0,18,24,12,0,-19.6,87.7
train/wh_00919.jpg,train,2027-07-09,16:00,39,390,7,9,43.8,6,0,9,24,0,9,-20.3,87.1
train/wh_00920.jpg,train,2027-07-10,08:00,39,390,7,9,43.8,6,0,18,15,9,9,-22.8,82.8
train/wh_00921.jpg,train,2027-07-11,08:00,42,420,8,8,50.0,9,0,18,15,3,0,-19.2,79.3
train/wh_00922.jpg,train,2027-07-12,08:00,51,510,9,7,56.2,9,9,18,15,9,0,-20.0,89.6
train/wh_00923.jpg,train,2027-07-13,08:00,51,510,9,7,56.2,9,9,18,15,0,0,-18.3,88.8
test/wh_00924.jpg,test,2027-07-14,09:00,60,600,10,6,62.5,9,9,27,15,9,0,-20.1,82.7
train/wh_00925.jpg,train,2027-07-15,14:00,60,600,10,6,62.5,9,9,27,15,0,0,-20.4,85.1
train/wh_00926.jpg,train,2027-07-16,16:00,57,570,10,6,62.5,9,9,24,15,0,3,-20.9,78.5
train/wh_00927.jpg,train,2027-07-17,09:00,66,660,11,5,68.8,9,18,24,15,9,0,-20.8,80.1
train/wh_00928.jpg,train,2027-07-18,09:00,60,600,10,6,62.5,9,18,18,15,0,6,-19.0,88.9
test/wh_00929.jpg,test,2027-07-19,16:00,63,630,11,5,68.8,12,18,18,15,3,0,-20.1,78.1
train/wh_00930.jpg,train,2027-07-20,16:00,63,630,11,5,68.8,12,18,18,15,0,0,-19.6,81.3
val/wh_00931.jpg,val,2027-07-21,10:00,66,660,12,4,75.0,9,18,15,24,9,6,-19.2,78.9
train/wh_00932.jpg,train,2027-07-22,14:00,69,690,13,3,81.2,12,18,15,24,12,9,-20.9,81.3
train/wh_00933.jpg,train,2027-07-23,09:00,75,750,14,2,87.5,12,24,15,24,9,3,-21.0,81.9
train/wh_00934.jpg,train,2027-07-24,14:00,60,600,12,4,75.0,12,18,15,15,0,15,-18.5,88.4
train/wh_00935.jpg,train,2027-07-25,14:00,54,540,11,5,68.8,9,18,15,12,9,15,-20.1,90.2
val/wh_00936.jpg,val,2027-07-26,15:00,36,360,9,7,56.2,9,9,6,12,0,18,-17.6,84.6
train/wh_00937.jpg,train,2027-07-27,08:00,33,330,8,8,50.0,9,9,3,12,0,3,-20.3,89.0
val/wh_00938.jpg,val,2027-07-28,14:00,36,360,9,7,56.2,9,9,3,15,3,0,-20.3,84.1
train/wh_00939.jpg,train,2027-07-29,08:00,30,300,8,8,50.0,9,9,3,9,0,6,-20.4,85.9
train/wh_00940.jpg,train,2027-07-30,08:00,54,540,11,5,68.8,9,9,27,9,24,0,-20.2,79.6
train/wh_00941.jpg,train,2027-07-31,16:00,45,450,10,6,62.5,9,0,27,9,0,9,-19.1,87.6
train/wh_00942.jpg,train,2027-08-01,15:00,48,480,11,5,68.8,9,3,27,9,3,0,-19.2,80.7
train/wh_00943.jpg,train,2027-08-02,09:00,36,360,10,6,62.5,15,3,9,9,6,18,-21.7,83.9
train/wh_00944.jpg,train,2027-08-03,08:00,33,330,9,7,56.2,15,3,9,6,0,3,-21.9,91.6
train/wh_00945.jpg,train,2027-08-04,16:00,30,300,8,8,50.0,12,3,9,6,0,3,-19.1,84.4
train/wh_00946.jpg,train,2027-08-05,15:00,30,300,7,9,43.8,9,3,15,3,6,6,-19.8,84.1
test/wh_00947.jpg,test,2027-08-06,10:00,39,390,7,9,43.8,18,12,9,0,18,9,-20.9,81.0
train/wh_00948.jpg,train,2027-08-07,10:00,45,450,8,8,50.0,18,12,15,0,6,0,-19.3,87.0
train/wh_00949.jpg,train,2027-08-08,08:00,60,600,10,6,62.5,18,12,15,15,15,0,-18.0,86.2
train/wh_00950.jpg,train,2027-08-09,08:00,54,540,9,7,56.2,12,12,15,15,0,6,-20.7,81.0
train/wh_00951.jpg,train,2027-08-10,08:00,69,690,11,5,68.8,12,18,15,24,15,0,-18.9,80.9
train/wh_00952.jpg,train,2027-08-11,10:00,60,600,10,6,62.5,12,18,15,15,0,9,-20.7,86.6
train/wh_00953.jpg,train,2027-08-12,15:00,69,690,11,5,68.8,21,18,15,15,9,0,-19.0,78.1
train/wh_00954.jpg,train,2027-08-13,09:00,63,630,10,6,62.5,15,18,15,15,0,6,-20.4,80.1
train/wh_00955.jpg,train,2027-08-14,09:00,75,750,12,4,75.0,15,27,15,18,12,0,-20.6,80.4
test/wh_00956.jpg,test,2027-08-15,15:00,78,780,12,4,75.0,15,27,18,18,9,6,-20.5,83.6
train/wh_00957.jpg,train,2027-08-16,08:00,69,690,11,5,68.8,6,27,18,18,0,9,-20.3,86.2
test/wh_00958.jpg,test,2027-08-17,16:00,63,630,9,7,56.2,6,27,15,15,0,6,-21.2,80.1
train/wh_00959.jpg,train,2027-08-18,08:00,57,570,9,7,56.2,18,18,12,9,12,18,-18.6,82.7
train/wh_00960.jpg,train,2027-08-19,14:00,36,360,7,9,43.8,9,6,12,9,0,21,-19.0,88.2
train/wh_00961.jpg,train,2027-08-20,14:00,48,480,8,8,50.0,3,3,27,15,21,9,-20.6,82.7
train/wh_00962.jpg,train,2027-08-21,16:00,51,510,9,7,56.2,6,9,27,9,9,6,-20.5,80.7
train/wh_00963.jpg,train,2027-08-22,10:00,45,450,8,8,50.0,3,9,24,9,0,6,-19.8,89.3
train/wh_00964.jpg,train,2027-08-23,16:00,51,510,9,7,56.2,6,9,21,15,12,6,-21.4,78.3
train/wh_00965.jpg,train,2027-08-24,08:00,51,510,9,7,56.2,6,9,21,15,0,0,-20.0,89.6
train/wh_00966.jpg,train,2027-08-25,14:00,66,660,11,5,68.8,12,18,21,15,15,0,-19.5,78.0
train/wh_00967.jpg,train,2027-08-26,14:00,69,690,11,5,68.8,12,24,21,12,9,6,-18.6,79.5
test/wh_00968.jpg,test,2027-08-27,14:00,69,690,11,5,68.8,12,24,21,12,0,0,-21.5,86.4
train/wh_00969.jpg,train,2027-08-28,10:00,54,540,9,7,56.2,12,18,12,12,0,15,-19.8,87.9
train/wh_00970.jpg,train,2027-08-29,14:00,51,510,9,7,56.2,6,18,12,15,3,6,-21.5,90.2
train/wh_00971.jpg,train,2027-08-30,09:00,51,510,9,7,56.2,6,18,12,15,0,0,-18.6,85.8
train/wh_00972.jpg,train,2027-08-31,14:00,63,630,10,6,62.5,12,27,12,12,15,3,-22.7,83.3
test/wh_00973.jpg,test,2027-09-01,15:00,57,570,10,6,62.5,12,24,9,12,0,6,-19.9,91.4
train/wh_00974.jpg,train,2027-09-02,09:00,54,540,10,6,62.5,12,21,9,12,0,3,-21.0,86.8
train/wh_00975.jpg,train,2027-09-03,16:00,63,630,11,5,68.8,12,21,18,12,9,0,-18.7,89.9
val/wh_00976.jpg,val,2027-09-04,16:00,66,660,11,5,68.8,18,21,15,12,6,3,-20.8,85.9
train/wh_00977.jpg,train,2027-09-05,15:00,60,600,10,6,62.5,12,21,15,12,0,6,-19.8,87.4
train/wh_00978.jpg,train,2027-09-06,09:00,66,660,11,5,68.8,18,21,15,12,9,3,-18.7,89.9
train/wh_00979.jpg,train,2027-09-07,10:00,66,660,11,5,68.8,18,21,15,12,0,0,-18.7,78.8
train/wh_00980.jpg,train,2027-09-08,16:00,66,660,11,5,68.8,18,21,15,12,0,0,-21.0,90.4
train/wh_00981.jpg,train,2027-09-09,15:00,72,720,12,4,75.0,18,18,15,21,9,3,-20.2,90.5
train/wh_00982.jpg,train,2027-09-10,08:00,60,600,10,6,62.5,18,15,6,21,0,12,-20.1,88.3
train/wh_00983.jpg,train,2027-09-11,09:00,66,660,11,5,68.8,18,15,12,21,6,0,-20.1,89.5
train/wh_00984.jpg,train,2027-09-12,15:00,69,690,12,4,75.0,18,18,12,21,3,0,-20.1,81.4
val/wh_00985.jpg,val,2027-09-13,08:00,54,540,10,6,62.5,18,9,9,18,0,15,-20.7,78.5
train/wh_00986.jpg,train,2027-09-14,16:00,39,390,7,9,43.8,9,9,9,12,0,15,-20.9,83.3
train/wh_00987.jpg,train,2027-09-15,16:00,48,480,8,8,50.0,9,9,9,21,9,0,-19.3,82.1
train/wh_00988.jpg,train,2027-09-16,09:00,39,390,7,9,43.8,9,3,9,18,0,9,-18.8,82.0
train/wh_00989.jpg,train,2027-09-17,15:00,42,420,8,8,50.0,9,9,9,15,6,3,-18.9,85.2
train/wh_00990.jpg,train,2027-09-18,09:00,42,420,7,9,43.8,15,9,9,9,6,6,-20.4,80.1
train/wh_00991.jpg,train,2027-09-19,14:00,51,510,8,8,50.0,15,3,15,18,15,6,-19.4,80.9
train/wh_00992.jpg,train,2027-09-20,09:00,33,330,6,10,37.5,9,3,15,6,0,18,-21.8,88.2
train/wh_00993.jpg,train,2027-09-21,16:00,36,360,7,9,43.8,9,6,15,6,3,0,-20.5,85.5
test/wh_00994.jpg,test,2027-09-22,08:00,36,360,7,9,43.8,9,6,15,6,0,0,-21.7,81.3
test/wh_00995.jpg,test,2027-09-23,14:00,33,330,6,10,37.5,9,3,15,6,0,3,-17.5,82.2
val/wh_00996.jpg,val,2027-09-24,15:00,30,300,6,10,37.5,6,3,15,6,3,6,-18.9,79.9
train/wh_00997.jpg,train,2027-09-25,14:00,42,420,8,8,50.0,6,9,21,6,12,0,-20.3,79.0
train/wh_00998.jpg,train,2027-09-26,09:00,39,390,8,8,50.0,3,18,18,0,9,12,-16.1,91.8
train/wh_00999.jpg,train,2027-09-27,10:00,36,360,8,8,50.0,3,15,18,0,3,6,-18.4,83.9
test/wh_01000.jpg,test,2027-09-28,10:00,36,360,8,8,50.0,3,15,18,0,3,3,-20.7,91.6
train/wh_01001.jpg,train,2027-09-29,16:00,45,450,9,7,56.2,12,15,18,0,9,0,-20.5,81.3
train/wh_01002.jpg,train,2027-09-30,08:00,39,390,7,9,43.8,12,15,12,0,0,6,-20.6,89.8
train/wh_01003.jpg,train,2027-10-01,10:00,51,510,9,7,56.2,12,15,15,9,15,3,-18.4,90.5
train/wh_01004.jpg,train,2027-10-02,08:00,54,540,10,6,62.5,12,15,15,12,3,0,-20.1,88.5
train/wh_01005.jpg,train,2027-10-03,15:00,81,810,13,3,81.2,30,15,15,21,27,0,-19.5,83.5
train/wh_01006.jpg,train,2027-10-04,09:00,84,840,14,2,87.5,30,21,12,21,6,3,-19.7,85.9
train/wh_01007.jpg,train,2027-10-05,15:00,84,840,14,2,87.5,30,21,12,21,0,0,-21.4,86.5
train/wh_01008.jpg,train,2027-10-06,10:00,93,930,15,1,93.8,30,21,12,30,9,0,-20.5,82.1
train/wh_01009.jpg,train,2027-10-07,14:00,90,900,15,1,93.8,30,21,9,30,0,3,-20.9,90.0
test/wh_01010.jpg,test,2027-10-08,10:00,84,840,14,2,87.5,30,15,9,30,0,6,-20.3,88.8
train/wh_01011.jpg,train,2027-10-09,10:00,78,780,13,3,81.2,30,18,9,21,9,15,-20.7,80.1
train/wh_01012.jpg,train,2027-10-10,15:00,69,690,11,5,68.8,30,12,6,21,0,9,-17.9,81.5
train/wh_01013.jpg,train,2027-10-11,15:00,57,570,10,6,62.5,27,12,6,12,0,12,-18.2,90.5
train/wh_01014.jpg,train,2027-10-12,08:00,57,570,10,6,62.5,27,12,6,12,0,0,-19.1,79.9
train/wh_01015.jpg,train,2027-10-13,14:00,48,480,9,7,56.2,18,12,6,12,0,9,-21.2,79.7
train/wh_01016.jpg,train,2027-10-14,08:00,57,570,10,6,62.5,18,21,6,12,9,0,-21.6,79.2
train/wh_01017.jpg,train,2027-10-15,09:00,54,540,9,7,56.2,18,21,3,12,0,3,-20.0,85.1
train/wh_01018.jpg,train,2027-10-16,09:00,54,540,10,6,62.5,18,12,12,12,9,9,-20.8,90.9
train/wh_01019.jpg,train,2027-10-17,08:00,69,690,12,4,75.0,18,18,12,21,15,0,-20.7,85.3
train/wh_01020.jpg,train,2027-10-18,16:00,66,660,11,5,68.8,18,15,12,21,0,3,-22.2,85.6
train/wh_01021.jpg,train,2027-10-19,14:00,66,660,11,5,68.8,18,15,12,21,0,0,-18.5,90.4
train/wh_01022.jpg,train,2027-10-20,10:00,66,660,11,5,68.8,18,15,12,21,0,0,-21.0,91.2
train/wh_01023.jpg,train,2027-10-21,15:00,57,570,10,6,62.5,12,15,12,18,0,9,-20.1,87.7
train/wh_01024.jpg,train,2027-10-22,14:00,48,480,9,7,56.2,12,6,12,18,0,9,-19.9,84.8
test/wh_01025.jpg,test,2027-10-23,08:00,48,480,9,7,56.2,12,6,12,18,0,0,-21.2,83.0
train/wh_01026.jpg,train,2027-10-24,15:00,48,480,9,7,56.2,12,6,12,18,0,0,-21.2,79.9
train/wh_01027.jpg,train,2027-10-25,16:00,63,630,11,5,68.8,21,15,12,15,18,3,-20.1,78.6
train/wh_01028.jpg,train,2027-10-26,08:00,63,630,11,5,68.8,21,18,12,12,9,9,-19.0,78.1
val/wh_01029.jpg,val,2027-10-27,10:00,57,570,9,7,56.2,21,18,9,9,0,6,-20.2,78.3
train/wh_01030.jpg,train,2027-10-28,15:00,54,540,8,8,50.0,21,18,6,9,0,3,-19.7,85.4
train/wh_01031.jpg,train,2027-10-29,08:00,54,540,8,8,50.0,21,18,6,9,0,0,-20.6,87.6
train/wh_01032.jpg,train,2027-10-30,08:00,51,510,8,8,50.0,21,15,6,9,0,3,-23.4,86.3
train/wh_01033.jpg,train,2027-10-31,09:00,54,540,9,7,56.2,21,15,6,12,3,0,-17.7,89.0
train/wh_01034.jpg,train,2027-11-01,09:00,45,450,8,8,50.0,12,15,6,12,6,15,-18.7,87.9
val/wh_01035.jpg,val,2027-11-02,15:00,54,540,10,6,62.5,12,18,3,21,12,3,-21.0,82.3
val/wh_01036.jpg,val,2027-11-03,15:00,48,480,9,7,56.2,12,12,3,21,0,6,-19.1,84.6
train/wh_01037.jpg,train,2027-11-04,15:00,45,450,9,7,56.2,12,12,3,18,0,3,-20.1,88.9
train/wh_01038.jpg,train,2027-11-05,08:00,48,480,9,7,56.2,12,18,3,15,6,3,-18.3,80.9
test/wh_01039.jpg,test,2027-11-06,09:00,54,540,10,6,62.5,21,15,3,15,9,3,-18.5,83.8
val/wh_01040.jpg,val,2027-11-07,09:00,48,480,9,7,56.2,21,15,3,9,6,12,-20.7,84.5
train/wh_01041.jpg,train,2027-11-08,09:00,45,450,10,6,62.5,12,15,9,9,9,12,-23.7,90.1
train/wh_01042.jpg,train,2027-11-09,09:00,51,510,11,5,68.8,12,15,15,9,6,0,-19.9,78.4
train/wh_01043.jpg,train,2027-11-10,16:00,33,330,9,7,56.2,9,3,12,9,0,18,-20.6,78.2
train/wh_01044.jpg,train,2027-11-11,15:00,30,300,8,8,50.0,9,3,12,6,0,3,-20.7,88.7
train/wh_01045.jpg,train,2027-11-12,08:00,45,450,10,6,62.5,15,12,12,6,15,0,-21.6,82.3
train/wh_01046.jpg,train,2027-11-13,15:00,42,420,9,7,56.2,15,9,12,6,0,3,-19.5,81.8
train/wh_01047.jpg,train,2027-11-14,15:00,42,420,9,7,56.2,6,18,12,6,9,9,-21.8,85.2
train/wh_01048.jpg,train,2027-11-15,10:00,39,390,8,8,50.0,6,18,12,3,0,3,-18.4,84.5
train/wh_01049.jpg,train,2027-11-16,08:00,45,450,10,6,62.5,12,18,12,3,9,3,-21.5,89.4
train/wh_01050.jpg,train,2027-11-17,15:00,54,540,11,5,68.8,12,18,21,3,9,0,-20.2,79.9
train/wh_01051.jpg,train,2027-11-18,15:00,51,510,11,5,68.8,9,18,21,3,0,3,-20.4,90.9
test/wh_01052.jpg,test,2027-11-19,10:00,66,660,13,3,81.2,18,18,21,9,15,0,-19.6,78.7
train/wh_01053.jpg,train,2027-11-20,16:00,51,510,11,5,68.8,9,18,21,3,0,15,-19.4,84.4
train/wh_01054.jpg,train,2027-11-21,08:00,48,480,10,6,62.5,9,18,18,3,0,3,-21.7,80.3
train/wh_01055.jpg,train,2027-11-22,10:00,45,450,9,7,56.2,15,15,15,0,6,9,-21.5,86.1
train/wh_01056.jpg,train,2027-11-23,10:00,45,450,9,7,56.2,15,15,15,0,0,0,-19.3,91.1
train/wh_01057.jpg,train,2027-11-24,15:00,39,390,8,8,50.0,15,9,15,0,0,6,-17.7,80.8
train/wh_01058.jpg,train,2027-11-25,10:00,45,450,8,8,50.0,15,15,15,0,9,3,-21.4,88.6
test/wh_01059.jpg,test,2027-11-26,16:00,51,510,9,7,56.2,15,15,21,0,6,0,-19.0,82.4
train/wh_01060.jpg,train,2027-11-27,16:00,48,480,9,7,56.2,15,6,12,15,15,18,-20.9,88.2
train/wh_01061.jpg,train,2027-11-28,10:00,45,450,9,7,56.2,15,9,12,9,3,6,-18.8,83.5
train/wh_01062.jpg,train,2027-11-29,16:00,42,420,8,8,50.0,9,12,12,9,9,12,-18.9,79.2
train/wh_01063.jpg,train,2027-11-30,15:00,36,360,6,10,37.5,3,12,12,9,0,6,-20.0,91.2
train/wh_01064.jpg,train,2027-12-01,09:00,42,420,7,9,43.8,12,12,9,9,9,3,-20.5,86.6
train/wh_01065.jpg,train,2027-12-02,16:00,48,480,7,9,43.8,18,6,9,15,24,18,-19.1,85.5
train/wh_01066.jpg,train,2027-12-03,14:00,48,480,7,9,43.8,18,6,9,15,0,0,-19.7,83.7
train/wh_01067.jpg,train,2027-12-04,15:00,48,480,7,9,43.8,18,6,9,15,0,0,-19.7,79.1
train/wh_01068.jpg,train,2027-12-05,09:00,48,480,7,9,43.8,18,6,9,15,0,0,-20.3,82.4
train/wh_01069.jpg,train,2027-12-06,08:00,42,420,6,10,37.5,15,6,6,15,0,6,-19.1,82.3
val/wh_01070.jpg,val,2027-12-07,15:00,54,540,8,8,50.0,15,12,12,15,12,0,-18.8,80.5
train/wh_01071.jpg,train,2027-12-08,15:00,63,630,9,7,56.2,15,12,12,24,9,0,-21.2,83.1
train/wh_01072.jpg,train,2027-12-09,14:00,60,600,9,7,56.2,15,12,21,12,18,21,-17.4,89.8
train/wh_01073.jpg,train,2027-12-10,14:00,48,480,7,9,43.8,15,6,15,12,0,12,-18.0,89.9
train/wh_01074.jpg,train,2027-12-11,10:00,39,390,6,10,37.5,6,6,15,12,0,9,-20.8,84.9
train/wh_01075.jpg,train,2027-12-12,14:00,48,480,8,8,50.0,12,6,15,15,9,0,-18.6,82.4
train/wh_01076.jpg,train,2027-12-13,09:00,51,510,8,8,50.0,6,6,24,15,9,6,-18.7,84.1
train/wh_01077.jpg,train,2027-12-14,15:00,45,450,7,9,43.8,6,0,24,15,0,6,-21.8,89.0
train/wh_01078.jpg,train,2027-12-15,14:00,48,480,8,8,50.0,6,0,24,18,3,0,-19.7,78.5
train/wh_01079.jpg,train,2027-12-16,16:00,54,540,9,7,56.2,6,6,24,18,6,0,-20.3,91.6
test/wh_01080.jpg,test,2027-12-17,16:00,54,540,9,7,56.2,6,6,24,18,0,0,-21.2,90.8
train/wh_01081.jpg,train,2027-12-18,16:00,51,510,9,7,56.2,3,6,24,18,0,3,-21.6,87.2
train/wh_01082.jpg,train,2027-12-19,10:00,60,600,10,6,62.5,3,15,24,18,9,0,-19.1,87.2
test/wh_01083.jpg,test,2027-12-20,10:00,66,660,10,6,62.5,9,15,24,18,9,3,-20.8,91.5
train/wh_01084.jpg,train,2027-12-21,15:00,63,630,9,7,56.2,9,15,24,15,0,3,-21.3,89.5
train/wh_01085.jpg,train,2027-12-22,14:00,69,690,10,6,62.5,9,21,24,15,6,0,-20.1,81.7
test/wh_01086.jpg,test,2027-12-23,09:00,69,690,10,6,62.5,9,21,24,15,0,0,-19.7,86.3
val/wh_01087.jpg,val,2027-12-24,09:00,66,660,9,7,56.2,9,21,24,12,0,3,-20.8,88.1
train/wh_01088.jpg,train,2027-12-25,15:00,69,690,9,7,56.2,9,15,33,12,18,15,-20.4,84.5
train/wh_01089.jpg,train,2027-12-26,14:00,72,720,10,6,62.5,15,15,30,12,6,3,-19.4,81.6
test/wh_01090.jpg,test,2027-12-27,16:00,75,750,11,5,68.8,15,18,30,12,3,0,-21.4,81.5
train/wh_01091.jpg,train,2027-12-28,10:00,69,690,11,5,68.8,15,9,21,24,12,18,-18.6,91.9
train/wh_01092.jpg,train,2027-12-29,16:00,72,720,12,4,75.0,18,18,12,24,21,18,-20.6,83.2
train/wh_01093.jpg,train,2027-12-30,09:00,57,570,10,6,62.5,27,9,3,18,9,24,-22.7,91.7
train/wh_01094.jpg,train,2027-12-31,10:00,60,600,11,5,68.8,24,9,9,18,6,3,-19.9,80.4
train/wh_01095.jpg,train,2028-01-01,14:00,45,450,9,7,56.2,15,6,9,15,0,15,-20.5,80.1
train/wh_01096.jpg,train,2028-01-02,16:00,33,330,7,9,43.8,6,3,9,15,0,12,-18.7,87.9
train/wh_01097.jpg,train,2028-01-03,14:00,33,330,7,9,43.8,3,3,9,18,6,6,-19.7,90.6
test/wh_01098.jpg,test,2028-01-04,16:00,39,390,8,8,50.0,9,3,9,18,6,0,-19.9,81.2
test/wh_01099.jpg,test,2028-01-05,08:00,39,390,7,9,43.8,6,12,3,18,9,9,-19.8,83.5
train/wh_01100.jpg,train,2028-01-06,08:00,51,510,9,7,56.2,6,21,6,18,12,0,-19.0,81.1
val/wh_01101.jpg,val,2028-01-07,08:00,51,510,9,7,56.2,6,21,6,18,0,0,-20.1,82.2
train/wh_01102.jpg,train,2028-01-08,14:00,63,630,11,5,68.8,6,21,18,18,12,0,-20.3,85.4
train/wh_01103.jpg,train,2028-01-09,16:00,63,630,11,5,68.8,6,21,18,18,0,0,-21.7,91.9
test/wh_01104.jpg,test,2028-01-10,15:00,72,720,12,4,75.0,15,21,18,18,9,0,-22.2,80.8
train/wh_01105.jpg,train,2028-01-11,10:00,63,630,11,5,68.8,6,21,18,18,0,9,-19.1,91.4
train/wh_01106.jpg,train,2028-01-12,09:00,63,630,11,5,68.8,6,21,18,18,0,0,-19.7,80.0
val/wh_01107.jpg,val,2028-01-13,16:00,66,660,12,4,75.0,0,27,15,24,12,9,-20.6,79.4
train/wh_01108.jpg,train,2028-01-14,14:00,60,600,10,6,62.5,0,24,12,24,0,6,-18.6,86.9
train/wh_01109.jpg,train,2028-01-15,15:00,60,600,10,6,62.5,0,24,12,24,0,0,-19.9,80.2
val/wh_01110.jpg,val,2028-01-16,15:00,60,600,10,6,62.5,0,24,12,24,0,0,-20.7,84.1
train/wh_01111.jpg,train,2028-01-17,16:00,54,540,9,7,56.2,0,18,12,24,6,12,-20.4,89.2
val/wh_01112.jpg,val,2028-01-18,10:00,60,600,10,6,62.5,0,24,12,24,6,0,-19.7,90.3
train/wh_01113.jpg,train,2028-01-19,09:00,63,630,10,6,62.5,9,24,12,18,9,6,-21.5,90.4
train/wh_01114.jpg,train,2028-01-20,16:00,78,780,12,4,75.0,15,24,12,27,15,0,-19.5,79.8
train/wh_01115.jpg,train,2028-01-21,09:00,75,750,12,4,75.0,15,21,12,27,6,9,-22.0,86.8
train/wh_01116.jpg,train,2028-01-22,08:00,75,750,12,4,75.0,15,21,12,27,0,0,-18.0,79.2
val/wh_01117.jpg,val,2028-01-23,14:00,57,570,11,5,68.8,6,18,9,24,0,18,-20.0,85.6
train/wh_01118.jpg,train,2028-01-24,14:00,60,600,11,5,68.8,12,18,6,24,9,6,-19.4,86.7
train/wh_01119.jpg,train,2028-01-25,16:00,57,570,11,5,68.8,12,15,9,21,3,6,-20.4,90.5
train/wh_01120.jpg,train,2028-01-26,10:00,57,570,11,5,68.8,12,15,9,21,0,0,-19.9,78.6
train/wh_01121.jpg,train,2028-01-27,15:00,60,600,11,5,68.8,12,18,9,21,9,6,-19.5,78.7
train/wh_01122.jpg,train,2028-01-28,16:00,63,630,12,4,75.0,9,24,9,21,6,3,-21.1,91.8
train/wh_01123.jpg,train,2028-01-29,08:00,60,600,12,4,75.0,9,21,9,21,0,3,-19.0,79.1
train/wh_01124.jpg,train,2028-01-30,16:00,60,600,12,4,75.0,9,21,9,21,9,9,-19.6,79.2
test/wh_01125.jpg,test,2028-01-31,16:00,54,540,10,6,62.5,9,18,6,21,0,6,-19.9,78.7
train/wh_01126.jpg,train,2028-02-01,15:00,42,420,8,8,50.0,9,12,6,15,0,12,-17.7,86.9
val/wh_01127.jpg,val,2028-02-02,09:00,45,450,8,8,50.0,9,15,6,15,9,6,-22.0,83.0
train/wh_01128.jpg,train,2028-02-03,16:00,45,450,8,8,50.0,9,15,6,15,0,0,-20.4,83.9
val/wh_01129.jpg,val,2028-02-04,10:00,39,390,7,9,43.8,3,15,6,15,9,15,-20.0,80.1
train/wh_01130.jpg,train,2028-02-05,08:00,45,450,8,8,50.0,9,15,6,15,6,0,-20.3,88.2
val/wh_01131.jpg,val,2028-02-06,14:00,45,450,8,8,50.0,18,15,6,6,9,9,-21.1,81.8
train/wh_01132.jpg,train,2028-02-07,10:00,36,360,7,9,43.8,9,15,6,6,0,9,-19.7,84.9
test/wh_01133.jpg,test,2028-02-08,10:00,54,540,10,6,62.5,18,15,6,15,21,3,-21.3,87.1
test/wh_01134.jpg,test,2028-02-09,14:00,60,600,11,5,68.8,18,15,12,15,6,0,-21.7,82.7
val/wh_01135.jpg,val,2028-02-10,10:00,69,690,12,4,75.0,18,24,12,15,9,0,-19.6,86.3
train/wh_01136.jpg,train,2028-02-11,15:00,69,690,12,4,75.0,18,24,12,15,6,6,-20.5,88.4
train/wh_01137.jpg,train,2028-02-12,10:00,60,600,11,5,68.8,18,15,12,15,0,9,-20.9,91.8
val/wh_01138.jpg,val,2028-02-13,15:00,66,660,11,5,68.8,15,15,12,24,9,3,-18.4,78.3
train/wh_01139.jpg,train,2028-02-14,16:00,57,570,10,6,62.5,15,15,12,15,0,9,-19.7,82.8
train/wh_01140.jpg,train,2028-02-15,16:00,60,600,10,6,62.5,15,24,6,15,9,6,-20.2,79.1
train/wh_01141.jpg,train,2028-02-16,15:00,75,750,12,4,75.0,21,24,15,15,15,0,-18.9,87.0
train/wh_01142.jpg,train,2028-02-17,10:00,72,720,12,4,75.0,12,30,15,15,6,9,-18.4,89.6
train/wh_01143.jpg,train,2028-02-18,14:00,60,600,11,5,68.8,12,27,6,15,0,12,-19.6,82.3
train/wh_01144.jpg,train,2028-02-19,09:00,57,570,9,7,56.2,12,21,9,15,9,12,-19.7,88.2
train/wh_01145.jpg,train,2028-02-20,10:00,48,480,8,8,50.0,12,21,0,15,0,9,-18.8,83.0
train/wh_01146.jpg,train,2028-02-21,08:00,45,450,7,9,43.8,9,21,0,15,0,3,-20.5,78.8
train/wh_01147.jpg,train,2028-02-22,15:00,42,420,7,9,43.8,9,21,0,12,0,3,-20.1,89.5
val/wh_01148.jpg,val,2028-02-23,08:00,51,510,9,7,56.2,9,21,9,12,9,0,-23.0,80.7
train/wh_01149.jpg,train,2028-02-24,09:00,51,510,9,7,56.2,9,21,9,12,0,0,-22.3,78.6
train/wh_01150.jpg,train,2028-02-25,08:00,60,600,11,5,68.8,12,18,12,18,24,15,-19.7,82.4
train/wh_01151.jpg,train,2028-02-26,10:00,69,690,12,4,75.0,21,15,12,21,24,15,-20.2,86.5
train/wh_01152.jpg,train,2028-02-27,16:00,60,600,10,6,62.5,18,9,12,21,0,9,-17.6,85.5
val/wh_01153.jpg,val,2028-02-28,09:00,60,600,11,5,68.8,24,6,9,21,6,6,-21.2,80.2
train/wh_01154.jpg,train,2028-02-29,16:00,63,630,10,6,62.5,24,15,6,18,9,6,-19.4,82.0
train/wh_01155.jpg,train,2028-03-01,16:00,78,780,11,5,68.8,33,12,6,27,18,3,-20.9,83.1
train/wh_01156.jpg,train,2028-03-02,08:00,75,750,11,5,68.8,27,12,6,30,6,9,-20.2,80.1
val/wh_01157.jpg,val,2028-03-03,08:00,81,810,12,4,75.0,24,12,15,30,9,3,-19.7,78.9
train/wh_01158.jpg,train,2028-03-04,16:00,63,630,9,7,56.2,9,12,12,30,0,18,-21.8,78.4
train/wh_01159.jpg,train,2028-03-05,15:00,60,600,8,8,50.0,15,9,12,24,6,9,-19.9,81.8
train/wh_01160.jpg,train,2028-03-06,16:00,75,750,10,6,62.5,21,9,21,24,15,0,-20.5,83.6
test/wh_01161.jpg,test,2028-03-07,08:00,75,750,10,6,62.5,21,9,21,24,0,0,-17.0,88.8
train/wh_01162.jpg,train,2028-03-08,14:00,84,840,11,5,68.8,21,18,21,24,18,9,-21.8,79.1
train/wh_01163.jpg,train,2028-03-09,08:00,84,840,11,5,68.8,21,18,30,15,9,9,-20.2,90.6
train/wh_01164.jpg,train,2028-03-10,15:00,72,720,10,6,62.5,18,18,21,15,6,18,-18.6,84.1
train/wh_01165.jpg,train,2028-03-11,14:00,54,540,8,8,50.0,18,9,21,6,0,18,-19.6,91.4
val/wh_01166.jpg,val,2028-03-12,09:00,72,720,10,6,62.5,27,9,21,15,18,0,-18.9,86.5
train/wh_01167.jpg,train,2028-03-13,08:00,84,840,12,4,75.0,27,21,21,15,12,0,-20.4,79.7
train/wh_01168.jpg,train,2028-03-14,15:00,72,720,11,5,68.8,18,21,18,15,0,12,-20.1,85.7
test/wh_01169.jpg,test,2028-03-15,09:00,60,600,9,7,56.2,12,15,18,15,0,12,-17.2,87.2
train/wh_01170.jpg,train,2028-03-16,09:00,75,750,12,4,75.0,12,24,18,21,15,0,-19.4,89.0
train/wh_01171.jpg,train,2028-03-17,09:00,78,780,12,4,75.0,18,24,15,21,6,3,-21.1,90.9
train/wh_01172.jpg,train,2028-03-18,09:00,66,660,11,5,68.8,15,24,6,21,0,12,-20.6,87.0
train/wh_01173.jpg,train,2028-03-19,08:00,63,630,10,6,62.5,15,24,6,18,0,3,-20.4,79.9
train/wh_01174.jpg,train,2028-03-20,14:00,75,750,12,4,75.0,21,24,12,18,12,0,-20.0,84.8
train/wh_01175.jpg,train,2028-03-21,15:00,66,660,11,5,68.8,21,24,12,9,0,9,-20.3,89.9
train/wh_01176.jpg,train,2028-03-22,16:00,60,600,10,6,62.5,21,24,6,9,0,6,-20.7,81.5
train/wh_01177.jpg,train,2028-03-23,14:00,57,570,9,7,56.2,21,24,6,6,0,3,-20.4,85.9
train/wh_01178.jpg,train,2028-03-24,15:00,54,540,9,7,56.2,15,24,9,6,3,6,-20.9,90.4
train/wh_01179.jpg,train,2028-03-25,08:00,51,510,9,7,56.2,15,24,3,9,3,6,-19.2,90.7
test/wh_01180.jpg,test,2028-03-26,16:00,66,660,11,5,68.8,15,33,9,9,15,0,-20.1,82.5
train/wh_01181.jpg,train,2028-03-27,16:00,42,420,7,9,43.8,12,15,6,9,0,24,-19.6,80.1
train/wh_01182.jpg,train,2028-03-28,15:00,45,450,8,8,50.0,15,15,6,9,3,0,-20.5,85.0
train/wh_01183.jpg,train,2028-03-29,15:00,45,450,8,8,50.0,15,15,6,9,0,0,-18.6,78.3
train/wh_01184.jpg,train,2028-03-30,16:00,45,450,8,8,50.0,15,15,6,9,0,0,-20.1,88.9
val/wh_01185.jpg,val,2028-03-31,08:00,60,600,10,6,62.5,24,15,6,15,15,0,-21.7,89.7
val/wh_01186.jpg,val,2028-04-01,15:00,54,540,10,6,62.5,24,12,0,18,3,9,-21.2,79.9
train/wh_01187.jpg,train,2028-04-02,15:00,39,390,7,9,43.8,18,9,0,12,0,15,-20.6,83.5
train/wh_01188.jpg,train,2028-04-03,09:00,48,480,8,8,50.0,27,9,0,12,9,0,-18.9,88.0
train/wh_01189.jpg,train,2028-04-04,15:00,45,450,7,9,43.8,24,9,0,12,0,3,-23.1,83.7
train/wh_01190.jpg,train,2028-04-05,10:00,57,570,9,7,56.2,24,12,9,12,12,0,-18.9,86.5
train/wh_01191.jpg,train,2028-04-06,10:00,75,750,11,5,68.8,33,12,18,12,18,0,-19.2,79.5
val/wh_01192.jpg,val,2028-04-07,15:00,75,750,11,5,68.8,33,12,18,12,6,6,-20.8,82.8
train/wh_01193.jpg,train,2028-04-08,09:00,90,900,12,4,75.0,33,27,18,12,18,3,-20.5,87.5
train/wh_01194.jpg,train,2028-04-09,10:00,99,990,13,3,81.2,33,27,18,21,9,0,-17.6,82.9
val/wh_01195.jpg,val,2028-04-10,14:00,105,1050,14,2,87.5,30,36,18,21,9,3,-20.8,83.2
val/wh_01196.jpg,val,2028-04-11,16:00,93,930,12,4,75.0,21,27,27,18,9,21,-19.9,91.3
train/wh_01197.jpg,train,2028-04-12,16:00,93,930,12,4,75.0,21,27,27,18,0,0,-19.7,90.9
train/wh_01198.jpg,train,2028-04-13,15:00,93,930,12,4,75.0,21,18,27,27,9,9,-19.2,79.1
train/wh_01199.jpg,train,2028-04-14,14:00,99,990,13,3,81.2,21,15,36,27,9,3,-20.0,88.0
train/wh_01200.jpg,train,2028-04-15,14:00,75,750,11,5,68.8,12,12,36,15,6,30,-19.0,82.0
train/wh_01201.jpg,train,2028-04-16,08:00,69,690,10,6,62.5,15,12,27,15,6,12,-18.2,85.0
train/wh_01202.jpg,train,2028-04-17,15:00,39,390,7,9,43.8,6,12,6,15,0,30,-20.2,81.3
train/wh_01203.jpg,train,2028-04-18,10:00,51,510,9,7,56.2,15,9,12,15,21,9,-20.9,88.2
test/wh_01204.jpg,test,2028-04-19,16:00,54,540,10,6,62.5,18,9,12,15,3,0,-17.4,82.2
test/wh_01205.jpg,test,2028-04-20,14:00,54,540,10,6,62.5,18,9,12,15,0,0,-20.2,88.6
train/wh_01206.jpg,train,2028-04-21,08:00,66,660,12,4,75.0,24,9,9,24,15,3,-19.7,79.3
train/wh_01207.jpg,train,2028-04-22,15:00,66,660,12,4,75.0,24,9,9,24,0,0,-19.7,90.2
train/wh_01208.jpg,train,2028-04-23,15:00,48,480,10,6,62.5,15,9,3,21,0,18,-18.1,80.6
train/wh_01209.jpg,train,2028-04-24,14:00,48,480,10,6,62.5,15,9,3,21,0,0,-18.5,91.1
train/wh_01210.jpg,train,2028-04-25,14:00,45,450,10,6,62.5,12,9,3,21,0,3,-21.3,86.5
train/wh_01211.jpg,train,2028-04-26,16:00,66,660,12,4,75.0,12,15,21,18,24,3,-19.7,84.4
train/wh_01212.jpg,train,2028-04-27,15:00,36,360,8,8,50.0,6,9,12,9,0,30,-21.7,85.1
train/wh_01213.jpg,train,2028-04-28,09:00,57,570,11,5,68.8,12,18,18,9,21,0,-19.3,81.8
train/wh_01214.jpg,train,2028-04-29,16:00,51,510,10,6,62.5,12,18,12,9,0,6,-20.1,82.8
train/wh_01215.jpg,train,2028-04-30,15:00,69,690,12,4,75.0,21,18,12,18,18,0,-19.8,79.0
train/wh_01216.jpg,train,2028-05-01,15:00,60,600,10,6,62.5,21,18,12,9,0,9,-20.6,90.0
val/wh_01217.jpg,val,2028-05-02,10:00,57,570,10,6,62.5,21,18,9,9,0,3,-19.8,90.2
val/wh_01218.jpg,val,2028-05-03,09:00,42,420,8,8,50.0,15,3,9,15,6,21,-18.1,87.3
train/wh_01219.jpg,train,2028-05-04,08:00,57,570,10,6,62.5,6,18,18,15,30,15,-19.0,80.8
test/wh_01220.jpg,test,2028-05-05,09:00,60,600,10,6,62.5,3,18,27,12,9,6,-21.7,82.7
test/wh_01221.jpg,test,2028-05-06,15:00,63,630,10,6,62.5,12,18,27,6,9,6,-19.7,88.4
train/wh_01222.jpg,train,2028-05-07,08:00,57,570,9,7,56.2,12,18,21,6,0,6,-21.1,78.6
train/wh_01223.jpg,train,2028-05-08,10:00,60,600,10,6,62.5,12,18,21,9,3,0,-19.9,85.7
train/wh_01224.jpg,train,2028-05-09,15:00,54,540,9,7,56.2,12,12,21,9,0,6,-21.4,86.0
train/wh_01225.jpg,train,2028-05-10,15:00,42,420,7,9,43.8,12,12,15,3,0,12,-19.4,85.6
test/wh_01226.jpg,test,2028-05-11,16:00,42,420,7,9,43.8,12,12,15,3,0,0,-19.6,79.7
train/wh_01227.jpg,train,2028-05-12,09:00,30,300,5,11,31.2,9,12,6,3,0,12,-20.4,90.7
train/wh_01228.jpg,train,2028-05-13,08:00,39,390,6,10,37.5,9,12,6,12,9,0,-21.0,80.3
train/wh_01229.jpg,train,2028-05-14,10:00,39,390,6,10,37.5,9,12,6,12,0,0,-21.3,79.6
train/wh_01230.jpg,train,2028-05-15,14:00,54,540,8,8,50.0,15,9,9,21,18,3,-20.3,85.1
train/wh_01231.jpg,train,2028-05-16,10:00,39,390,8,8,50.0,9,3,9,18,6,21,-18.6,91.2
train/wh_01232.jpg,train,2028-05-17,14:00,48,480,9,7,56.2,18,3,9,18,9,0,-21.4,82.1
train/wh_01233.jpg,train,2028-05-18,14:00,45,450,8,8,50.0,15,3,9,18,0,3,-20.0,88.1
train/wh_01234.jpg,train,2028-05-19,10:00,42,420,8,8,50.0,6,3,18,15,9,12,-20.3,82.5
train/wh_01235.jpg,train,2028-05-20,15:00,57,570,9,7,56.2,6,12,15,24,18,3,-18.7,78.9
train/wh_01236.jpg,train,2028-05-21,16:00,57,570,9,7,56.2,12,12,15,18,6,6,-21.4,79.4
train/wh_01237.jpg,train,2028-05-22,09:00,48,480,8,8,50.0,12,3,15,18,6,15,-18.4,85.2
val/wh_01238.jpg,val,2028-05-23,10:00,45,450,8,8,50.0,12,3,12,18,0,3,-22.7,88.4
train/wh_01239.jpg,train,2028-05-24,09:00,48,480,9,7,56.2,12,3,15,18,6,3,-20.2,84.4
train/wh_01240.jpg,train,2028-05-25,14:00,45,450,9,7,56.2,6,6,15,18,3,6,-20.9,90.5
train/wh_01241.jpg,train,2028-05-26,14:00,39,390,8,8,50.0,3,3,15,18,0,6,-21.0,88.4
test/wh_01242.jpg,test,2028-05-27,15:00,39,390,8,8,50.0,3,3,15,18,0,0,-18.1,92.0
train/wh_01243.jpg,train,2028-05-28,09:00,36,360,8,8,50.0,3,9,15,9,6,9,-19.6,80.2
train/wh_01244.jpg,train,2028-05-29,15:00,36,360,7,9,43.8,12,9,6,9,9,9,-17.3,89.7
train/wh_01245.jpg,train,2028-05-30,08:00,39,390,7,9,43.8,12,3,15,9,9,6,-19.7,90.8
train/wh_01246.jpg,train,2028-05-31,15:00,39,390,7,9,43.8,12,3,15,9,0,0,-20.9,87.6
test/wh_01247.jpg,test,2028-06-01,14:00,39,390,6,10,37.5,12,0,15,12,9,9,-20.8,78.8
train/wh_01248.jpg,train,2028-06-02,08:00,57,570,8,8,50.0,18,9,18,12,24,6,-21.1,86.7
train/wh_01249.jpg,train,2028-06-03,14:00,54,540,8,8,50.0,18,15,9,12,6,9,-18.6,86.6
train/wh_01250.jpg,train,2028-06-04,08:00,69,690,10,6,62.5,18,24,15,12,18,3,-16.8,90.7
train/wh_01251.jpg,train,2028-06-05,10:00,60,600,9,7,56.2,18,24,15,3,0,9,-18.9,86.9
val/wh_01252.jpg,val,2028-06-06,14:00,60,600,9,7,56.2,18,24,15,3,0,0,-19.1,89.6
train/wh_01253.jpg,train,2028-06-07,16:00,63,630,10,6,62.5,18,24,15,6,3,0,-20.6,80.4
train/wh_01254.jpg,train,2028-06-08,14:00,69,690,11,5,68.8,18,24,21,6,6,0,-20.6,85.1
train/wh_01255.jpg,train,2028-06-09,16:00,66,660,10,6,62.5,18,24,21,3,0,3,-18.9,87.5
train/wh_01256.jpg,train,2028-06-10,16:00,60,600,10,6,62.5,9,21,18,12,9,15,-22.0,86.0
train/wh_01257.jpg,train,2028-06-11,15:00,60,600,10,6,62.5,9,21,18,12,0,0,-19.8,89.5
train/wh_01258.jpg,train,2028-06-12,14:00,54,540,9,7,56.2,6,21,15,12,0,6,-18.9,78.2
train/wh_01259.jpg,train,2028-06-13,10:00,57,570,9,7,56.2,15,15,15,12,9,6,-20.5,79.3
val/wh_01260.jpg,val,2028-06-14,16:00,54,540,10,6,62.5,18,15,15,6,12,15,-20.6,90.6
train/wh_01261.jpg,train,2028-06-15,16:00,72,720,12,4,75.0,12,15,24,21,24,6,-19.2,86.5
train/wh_01262.jpg,train,2028-06-16,08:00,87,870,14,2,87.5,21,21,24,21,15,0,-22.7,85.2
train/wh_01263.jpg,train,2028-06-17,14:00,87,870,14,2,87.5,21,21,24,21,0,0,-19.9,90.4
train/wh_01264.jpg,train,2028-06-18,09:00,75,750,13,3,81.2,21,24,24,6,3,15,-20.6,81.8
train/wh_01265.jpg,train,2028-06-19,09:00,75,750,14,2,87.5,24,21,24,6,3,3,-20.3,89.4
train/wh_01266.jpg,train,2028-06-20,08:00,66,660,13,3,81.2,24,21,15,6,0,9,-20.6,83.3
train/wh_01267.jpg,train,2028-06-21,14:00,45,450,10,6,62.5,15,9,15,6,0,21,-20.8,86.5
val/wh_01268.jpg,val,2028-06-22,15:00,42,420,9,7,56.2,12,9,15,6,0,3,-19.8,83.1
train/wh_01269.jpg,train,2028-06-23,09:00,42,420,9,7,56.2,12,9,15,6,0,0,-18.8,88.0
train/wh_01270.jpg,train,2028-06-24,10:00,45,450,8,8,50.0,18,9,12,6,9,6,-20.3,87.5
train/wh_01271.jpg,train,2028-06-25,16:00,54,540,9,7,56.2,27,9,12,6,9,0,-21.0,85.7
train/wh_01272.jpg,train,2028-06-26,08:00,63,630,10,6,62.5,27,9,21,6,9,0,-19.8,91.0
val/wh_01273.jpg,val,2028-06-27,09:00,57,570,9,7,56.2,27,3,21,6,0,6,-19.8,82.6
train/wh_01274.jpg,train,2028-06-28,08:00,84,840,12,4,75.0,36,18,21,9,30,3,-22.6,84.3
train/wh_01275.jpg,train,2028-06-29,16:00,90,900,13,3,81.2,36,15,21,18,9,3,-19.8,87.7
train/wh_01276.jpg,train,2028-06-30,15:00,78,780,12,4,75.0,36,15,9,18,0,12,-17.3,91.0
train/wh_01277.jpg,train,2028-07-01,16:00,54,540,8,8,50.0,36,6,3,9,0,24,-22.6,90.5
train/wh_01278.jpg,train,2028-07-02,14:00,42,420,7,9,43.8,27,3,3,9,0,12,-18.3,85.0
train/wh_01279.jpg,train,2028-07-03,14:00,54,540,9,7,56.2,27,9,12,6,18,6,-20.7,82.9
test/wh_01280.jpg,test,2028-07-04,14:00,72,720,11,5,68.8,27,18,21,6,18,0,-21.0,89.2
train/wh_01281.jpg,train,2028-07-05,10:00,63,630,10,6,62.5,18,18,21,6,0,9,-20.2,88.8
train/wh_01282.jpg,train,2028-07-06,15:00,75,750,12,4,75.0,24,18,21,12,12,0,-21.2,86.0
train/wh_01283.jpg,train,2028-07-07,09:00,75,750,12,4,75.0,24,18,21,12,0,0,-18.6,91.4
train/wh_01284.jpg,train,2028-07-08,08:00,72,720,12,4,75.0,24,18,18,12,0,3,-22.3,84.7
test/wh_01285.jpg,test,2028-07-09,08:00,69,690,13,3,81.2,21,18,21,9,9,12,-19.9,84.6
train/wh_01286.jpg,train,2028-07-10,10:00,60,600,12,4,75.0,21,9,21,9,0,9,-20.3,78.2
train/wh_01287.jpg,train,2028-07-11,09:00,57,570,11,5,68.8,21,9,18,9,0,3,-18.9,81.4
train/wh_01288.jpg,train,2028-07-12,09:00,57,570,11,5,68.8,21,9,18,9,0,0,-20.7,78.5
train/wh_01289.jpg,train,2028-07-13,15:00,54,540,11,5,68.8,12,15,18,9,6,9,-20.9,88.4
train/wh_01290.jpg,train,2028-07-14,10:00,57,570,12,4,75.0,12,15,18,12,3,0,-20.2,88.0
train/wh_01291.jpg,train,2028-07-15,10:00,45,450,10,6,62.5,6,15,12,12,0,12,-18.9,81.3
test/wh_01292.jpg,test,2028-07-16,09:00,30,300,7,9,43.8,0,9,9,12,0,15,-19.6,90.8
train/wh_01293.jpg,train,2028-07-17,08:00,30,300,7,9,43.8,0,9,9,12,0,0,-19.3,90.3
train/wh_01294.jpg,train,2028-07-18,14:00,39,390,8,8,50.0,0,9,18,12,9,0,-20.6,78.6
train/wh_01295.jpg,train,2028-07-19,14:00,42,420,8,8,50.0,6,9,18,9,6,3,-21.4,86.6
train/wh_01296.jpg,train,2028-07-20,09:00,51,510,9,7,56.2,27,3,9,12,27,18,-19.9,90.8
train/wh_01297.jpg,train,2028-07-21,14:00,42,420,9,7,56.2,27,3,3,9,3,12,-18.7,78.1
train/wh_01298.jpg,train,2028-07-22,15:00,42,420,9,7,56.2,27,3,3,9,0,0,-19.9,84.2
train/wh_01299.jpg,train,2028-07-23,08:00,36,360,8,8,50.0,21,3,3,9,3,9,-20.0,88.2
train/wh_01300.jpg,train,2028-07-24,10:00,45,450,9,7,56.2,21,12,3,9,9,0,-19.9,90.6
train/wh_01301.jpg,train,2028-07-25,15:00,42,420,9,7,56.2,21,12,3,6,3,6,-20.8,86.9
val/wh_01302.jpg,val,2028-07-26,15:00,27,270,6,10,37.5,12,9,3,3,0,15,-20.3,82.6
train/wh_01303.jpg,train,2028-07-27,09:00,27,270,6,10,37.5,12,0,12,3,9,9,-20.0,85.9
train/wh_01304.jpg,train,2028-07-28,09:00,36,360,6,10,37.5,12,6,18,0,15,6,-19.9,87.1
train/wh_01305.jpg,train,2028-07-29,10:00,57,570,9,7,56.2,12,12,24,9,24,3,-21.0,88.3
train/wh_01306.jpg,train,2028-07-30,10:00,51,510,8,8,50.0,3,12,27,9,3,9,-19.2,81.0
train/wh_01307.jpg,train,2028-07-31,08:00,39,390,6,10,37.5,0,12,27,0,0,12,-19.8,89.5
test/wh_01308.jpg,test,2028-08-01,08:00,42,420,6,10,37.5,0,15,27,0,9,6,-20.0,85.6
train/wh_01309.jpg,train,2028-08-02,16:00,45,450,7,9,43.8,0,15,27,3,3,0,-20.1,83.2
train/wh_01310.jpg,train,2028-08-03,08:00,42,420,7,9,43.8,0,15,24,3,0,3,-20.5,84.9
train/wh_01311.jpg,train,2028-08-04,15:00,45,450,7,9,43.8,6,15,12,12,15,12,-20.0,87.7
test/wh_01312.jpg,test,2028-08-05,14:00,51,510,7,9,43.8,15,15,12,9,9,3,-21.7,86.3
train/wh_01313.jpg,train,2028-08-06,09:00,48,480,6,10,37.5,18,9,12,9,9,12,-22.1,91.0
train/wh_01314.jpg,train,2028-08-07,09:00,39,390,5,11,31.2,18,9,12,0,0,9,-20.0,82.5
train/wh_01315.jpg,train,2028-08-08,08:00,36,360,6,10,37.5,18,6,9,3,9,12,-20.8,88.8
train/wh_01316.jpg,train,2028-08-09,10:00,54,540,8,8,50.0,27,6,9,12,18,0,-23.0,84.4
train/wh_01317.jpg,train,2028-08-10,08:00,54,540,8,8,50.0,27,6,9,12,0,0,-20.4,91.1
train/wh_01318.jpg,train,2028-08-11,08:00,63,630,9,7,56.2,27,6,18,12,9,0,-18.7,82.1
train/wh_01319.jpg,train,2028-08-12,10:00,54,540,8,8,50.0,18,6,18,12,0,9,-21.3,89.0
train/wh_01320.jpg,train,2028-08-13,15:00,45,450,7,9,43.8,9,9,18,9,3,12,-20.8,86.7
train/wh_01321.jpg,train,2028-08-14,15:00,54,540,8,8,50.0,9,18,18,9,9,0,-20.2,91.8
train/wh_01322.jpg,train,2028-08-15,14:00,51,510,8,8,50.0,9,18,15,9,0,3,-20.4,84.3
test/wh_01323.jpg,test,2028-08-16,15:00,57,570,9,7,56.2,9,24,15,9,6,0,-20.3,85.1
train/wh_01324.jpg,train,2028-08-17,15:00,63,630,10,6,62.5,15,24,15,9,6,0,-18.3,79.0
train/wh_01325.jpg,train,2028-08-18,16:00,48,480,8,8,50.0,6,18,15,9,0,15,-21.0,88.2
train/wh_01326.jpg,train,2028-08-19,15:00,51,510,9,7,56.2,6,18,15,12,3,0,-18.5,85.4
train/wh_01327.jpg,train,2028-08-20,09:00,45,450,8,8,50.0,6,18,9,12,0,6,-20.2,87.6
val/wh_01328.jpg,val,2028-08-21,10:00,45,450,7,9,43.8,15,12,6,12,9,9,-19.7,90.6
train/wh_01329.jpg,train,2028-08-22,15:00,51,510,8,8,50.0,15,12,6,18,6,0,-19.4,85.7
test/wh_01330.jpg,test,2028-08-23,08:00,60,600,9,7,56.2,6,21,15,18,18,9,-19.6,81.2
train/wh_01331.jpg,train,2028-08-24,09:00,51,510,8,8,50.0,6,12,15,18,0,9,-21.7,85.1
train/wh_01332.jpg,train,2028-08-25,16:00,45,450,7,9,43.8,12,12,15,6,6,12,-19.1,78.4
train/wh_01333.jpg,train,2028-08-26,16:00,45,450,7,9,43.8,6,18,15,6,6,6,-18.1,78.3
train/wh_01334.jpg,train,2028-08-27,09:00,48,480,7,9,43.8,15,18,9,6,9,6,-19.4,82.6
val/wh_01335.jpg,val,2028-08-28,09:00,54,540,8,8,50.0,21,18,9,6,6,0,-19.5,86.8
train/wh_01336.jpg,train,2028-08-29,08:00,60,600,9,7,56.2,27,18,9,6,6,0,-21.5,83.2
train/wh_01337.jpg,train,2028-08-30,14:00,66,660,10,6,62.5,27,18,15,6,6,0,-19.2,80.3
test/wh_01338.jpg,test,2028-08-31,10:00,69,690,11,5,68.8,27,21,15,6,6,3,-17.2,85.1
train/wh_01339.jpg,train,2028-09-01,09:00,69,690,11,5,68.8,27,21,15,6,0,0,-20.6,78.5
train/wh_01340.jpg,train,2028-09-02,14:00,60,600,10,6,62.5,24,15,15,6,0,9,-21.1,90.0
train/wh_01341.jpg,train,2028-09-03,09:00,63,630,10,6,62.5,24,15,24,0,9,6,-19.8,92.0
train/wh_01342.jpg,train,2028-09-04,09:00,69,690,11,5,68.8,24,15,24,6,6,0,-19.4,80.3
train/wh_01343.jpg,train,2028-09-05,16:00,60,600,10,6,62.5,15,15,24,6,0,9,-19.6,88.5
train/wh_01344.jpg,train,2028-09-06,16:00,60,600,10,6,62.5,15,15,24,6,0,0,-18.1,83.6
train/wh_01345.jpg,train,2028-09-07,10:00,54,540,10,6,62.5,12,15,21,6,6,12,-18.4,86.1
train/wh_01346.jpg,train,2028-09-08,08:00,51,510,9,7,56.2,12,12,21,6,0,3,-20.5,85.4
train/wh_01347.jpg,train,2028-09-09,09:00,48,480,9,7,56.2,9,3,21,15,9,12,-19.4,86.8
train/wh_01348.jpg,train,2028-09-10,14:00,48,480,9,7,56.2,9,3,21,15,0,0,-19.1,82.1
test/wh_01349.jpg,test,2028-09-11,09:00,48,480,9,7,56.2,9,3,21,15,0,0,-21.1,79.9
val/wh_01350.jpg,val,2028-09-12,16:00,45,450,8,8,50.0,6,3,21,15,0,3,-21.4,91.5
test/wh_01351.jpg,test,2028-09-13,16:00,45,450,8,8,50.0,6,3,21,15,0,0,-17.5,78.2
train/wh_01352.jpg,train,2028-09-14,10:00,51,510,9,7,56.2,6,3,21,21,6,0,-22.4,81.9
train/wh_01353.jpg,train,2028-09-15,16:00,51,510,9,7,56.2,6,3,21,21,0,0,-21.1,91.0
train/wh_01354.jpg,train,2028-09-16,09:00,51,510,9,7,56.2,6,12,21,12,9,9,-22.1,88.0
train/wh_01355.jpg,train,2028-09-17,16:00,51,510,9,7,56.2,3,15,21,12,3,3,-18.7,78.7
train/wh_01356.jpg,train,2028-09-18,16:00,63,630,10,6,62.5,12,12,27,12,15,3,-19.8,91.3
train/wh_01357.jpg,train,2028-09-19,08:00,51,510,9,7,56.2,12,12,15,12,0,12,-18.9,87.2
train/wh_01358.jpg,train,2028-09-20,10:00,51,510,9,7,56.2,12,12,15,12,0,0,-20.4,85.2
train/wh_01359.jpg,train,2028-09-21,15:00,54,540,9,7,56.2,12,21,15,6,9,6,-22.6,80.7
train/wh_01360.jpg,train,2028-09-22,10:00,45,450,8,8,50.0,12,12,15,6,0,9,-19.4,88.9
train/wh_01361.jpg,train,2028-09-23,08:00,54,540,9,7,56.2,12,21,15,6,9,0,-21.8,84.9
train/wh_01362.jpg,train,2028-09-24,09:00,45,450,8,8,50.0,9,21,15,0,6,15,-19.9,81.1
train/wh_01363.jpg,train,2028-09-25,14:00,45,450,8,8,50.0,12,21,9,3,12,12,-19.0,88.7
val/wh_01364.jpg,val,2028-09-26,14:00,30,300,6,10,37.5,21,3,3,3,9,24,-19.2,79.4
train/wh_01365.jpg,train,2028-09-27,09:00,33,330,7,9,43.8,21,3,6,3,3,0,-23.6,79.3
train/wh_01366.jpg,train,2028-09-28,15:00,45,450,8,8,50.0,18,0,24,3,18,6,-19.7,89.4
train/wh_01367.jpg,train,2028-09-29,09:00,54,540,9,7,56.2,18,0,24,12,9,0,-18.9,91.9
train/wh_01368.jpg,train,2028-09-30,10:00,60,600,10,6,62.5,18,6,24,12,6,0,-20.8,87.7
train/wh_01369.jpg,train,2028-10-01,15:00,60,600,10,6,62.5,18,6,24,12,0,0,-19.3,81.7
test/wh_01370.jpg,test,2028-10-02,09:00,63,630,11,5,68.8,15,15,21,12,15,12,-21.2,90.1
val/wh_01371.jpg,val,2028-10-03,09:00,57,570,10,6,62.5,15,15,15,12,0,6,-20.2,90.6
train/wh_01372.jpg,train,2028-10-04,15:00,51,510,9,7,56.2,15,6,15,15,6,12,-22.0,78.2
train/wh_01373.jpg,train,2028-10-05,10:00,69,690,11,5,68.8,24,15,15,15,24,6,-19.5,82.6
val/wh_01374.jpg,val,2028-10-06,15:00,78,780,12,4,75.0,24,15,15,24,9,0,-20.1,89.0
test/wh_01375.jpg,test,2028-10-07,10:00,78,780,12,4,75.0,24,15,15,24,0,0,-19.9,91.6
train/wh_01376.jpg,train,2028-10-08,09:00,78,780,12,4,75.0,24,15,15,24,0,0,-19.8,79.6
test/wh_01377.jpg,test,2028-10-09,16:00,75,750,12,4,75.0,24,6,15,30,6,9,-20.4,89.5
train/wh_01378.jpg,train,2028-10-10,16:00,72,720,11,5,68.8,24,9,12,27,9,12,-18.0,84.9
train/wh_01379.jpg,train,2028-10-11,10:00,66,660,10,6,62.5,18,9,12,27,0,6,-19.3,81.3
train/wh_01380.jpg,train,2028-10-12,14:00,66,660,10,6,62.5,18,9,12,27,0,0,-20.6,86.1
test/wh_01381.jpg,test,2028-10-13,15:00,75,750,11,5,68.8,18,0,30,27,18,9,-21.0,89.9
train/wh_01382.jpg,train,2028-10-14,08:00,60,600,9,7,56.2,18,0,18,24,0,15,-20.4,91.6
train/wh_01383.jpg,train,2028-10-15,08:00,48,480,8,8,50.0,18,6,9,15,6,18,-21.6,88.4
train/wh_01384.jpg,train,2028-10-16,15:00,45,450,7,9,43.8,18,6,9,12,0,3,-20.1,82.3
train/wh_01385.jpg,train,2028-10-17,15:00,42,420,7,9,43.8,18,3,9,12,0,3,-20.8,82.9
train/wh_01386.jpg,train,2028-10-18,16:00,27,270,5,11,31.2,18,3,0,6,0,15,-19.7,80.2
val/wh_01387.jpg,val,2028-10-19,14:00,63,630,10,6,62.5,15,3,24,21,39,3,-21.0,79.1
train/wh_01388.jpg,train,2028-10-20,10:00,63,630,10,6,62.5,15,3,24,21,0,0,-21.3,88.9
test/wh_01389.jpg,test,2028-10-21,14:00,63,630,10,6,62.5,12,9,21,21,9,9,-20.0,86.4
train/wh_01390.jpg,train,2028-10-22,15:00,63,630,10,6,62.5,12,9,21,21,0,0,-18.9,87.3
train/wh_01391.jpg,train,2028-10-23,10:00,54,540,9,7,56.2,12,9,12,21,0,9,-21.4,79.6
train/wh_01392.jpg,train,2028-10-24,10:00,66,660,11,5,68.8,12,24,9,21,15,3,-19.4,80.1
test/wh_01393.jpg,test,2028-10-25,09:00,60,600,9,7,56.2,9,24,6,21,0,6,-23.5,91.0
train/wh_01394.jpg,train,2028-10-26,15:00,57,570,8,8,50.0,6,24,9,18,9,12,-18.7,90.6
train/wh_01395.jpg,train,2028-10-27,08:00,54,540,8,8,50.0,6,21,9,18,0,3,-20.9,84.6
test/wh_01396.jpg,test,2028-10-28,16:00,60,600,9,7,56.2,6,21,15,18,6,0,-17.7,79.0
val/wh_01397.jpg,val,2028-10-29,08:00,66,660,10,6,62.5,3,21,24,18,9,3,-20.0,79.2
val/wh_01398.jpg,val,2028-10-30,14:00,63,630,9,7,56.2,3,21,24,15,0,3,-19.9,85.9
test/wh_01399.jpg,test,2028-10-31,09:00,63,630,10,6,62.5,3,21,27,12,3,3,-19.4,90.5
train/wh_01400.jpg,train,2028-11-01,15:00,69,690,11,5,68.8,9,21,27,12,6,0,-20.5,91.3
train/wh_01401.jpg,train,2028-11-02,16:00,63,630,11,5,68.8,12,21,18,12,9,15,-21.1,82.1
train/wh_01402.jpg,train,2028-11-03,16:00,60,600,11,5,68.8,12,18,18,12,0,3,-21.1,81.9
train/wh_01403.jpg,train,2028-11-04,09:00,69,690,12,4,75.0,12,18,18,21,9,0,-19.4,84.9
train/wh_01404.jpg,train,2028-11-05,08:00,63,630,12,4,75.0,12,18,9,24,6,12,-18.5,89.8
train/wh_01405.jpg,train,2028-11-06,14:00,63,630,11,5,68.8,9,15,18,21,9,9,-19.4,84.6
train/wh_01406.jpg,train,2028-11-07,08:00,60,600,10,6,62.5,3,9,27,21,9,12,-20.5,86.5
train/wh_01407.jpg,train,2028-11-08,15:00,66,660,10,6,62.5,12,9,27,18,9,3,-20.2,81.9
train/wh_01408.jpg,train,2028-11-09,09:00,69,690,10,6,62.5,12,9,21,27,9,6,-18.5,91.4
train/wh_01409.jpg,train,2028-11-10,10:00,48,480,7,9,43.8,6,9,12,21,0,21,-19.8,87.0
train/wh_01410.jpg,train,2028-11-11,15:00,45,450,7,9,43.8,9,18,3,15,15,18,-18.5,88.8
train/wh_01411.jpg,train,2028-11-12,08:00,54,540,8,8,50.0,18,18,3,15,9,0,-20.7,84.3
test/wh_01412.jpg,test,2028-11-13,08:00,45,450,7,9,43.8,18,0,12,15,9,18,-19.5,90.9
train/wh_01413.jpg,train,2028-11-14,10:00,42,420,6,10,37.5,15,0,12,15,0,3,-18.9,86.2
val/wh_01414.jpg,val,2028-11-15,09:00,63,630,9,7,56.2,21,6,21,15,21,0,-18.8,84.3
train/wh_01415.jpg,train,2028-11-16,10:00,63,630,9,7,56.2,21,6,21,15,0,0,-18.7,89.0
train/wh_01416.jpg,train,2028-11-17,15:00,69,690,10,6,62.5,30,6,21,12,9,3,-20.1,85.1
train/wh_01417.jpg,train,2028-11-18,08:00,66,660,10,6,62.5,27,6,21,12,0,3,-20.3,89.6
train/wh_01418.jpg,train,2028-11-19,09:00,72,720,11,5,68.8,24,6,30,12,9,3,-19.5,85.8
train/wh_01419.jpg,train,2028-11-20,08:00,69,690,11,5,68.8,18,9,30,12,3,6,-18.3,82.9
train/wh_01420.jpg,train,2028-11-21,14:00,54,540,9,7,56.2,15,9,18,12,0,15,-18.6,80.6
train/wh_01421.jpg,train,2028-11-22,09:00,45,450,8,8,50.0,15,9,18,3,0,9,-19.1,88.6
test/wh_01422.jpg,test,2028-11-23,15:00,45,450,7,9,43.8,9,18,18,0,9,9,-19.6,88.6
train/wh_01423.jpg,train,2028-11-24,08:00,45,450,7,9,43.8,9,18,18,0,0,0,-19.2,83.3
val/wh_01424.jpg,val,2028-11-25,15:00,51,510,8,8,50.0,9,24,18,0,6,0,-19.0,78.5
train/wh_01425.jpg,train,2028-11-26,09:00,42,420,6,10,37.5,18,6,18,0,9,18,-19.7,80.5
train/wh_01426.jpg,train,2028-11-27,10:00,42,420,6,10,37.5,18,6,18,0,0,0,-21.1,81.2
train/wh_01427.jpg,train,2028-11-28,10:00,54,540,8,8,50.0,18,9,27,0,12,0,-19.0,91.3
train/wh_01428.jpg,train,2028-11-29,10:00,54,540,8,8,50.0,18,9,27,0,0,0,-19.3,80.6
train/wh_01429.jpg,train,2028-11-30,08:00,54,540,8,8,50.0,18,9,27,0,0,0,-18.6,82.4
train/wh_01430.jpg,train,2028-12-01,16:00,57,570,8,8,50.0,24,6,27,0,6,3,-21.3,84.0
train/wh_01431.jpg,train,2028-12-02,10:00,60,600,8,8,50.0,33,6,21,0,9,6,-19.4,88.7
train/wh_01432.jpg,train,2028-12-03,16:00,66,660,9,7,56.2,33,12,21,0,6,0,-19.6,82.8
train/wh_01433.jpg,train,2028-12-04,14:00,69,690,9,7,56.2,33,0,21,15,15,12,-21.0,81.4
train/wh_01434.jpg,train,2028-12-05,08:00,66,660,8,8,50.0,24,0,27,15,9,12,-20.5,78.2
train/wh_01435.jpg,train,2028-12-06,08:00,57,570,7,9,43.8,24,0,18,15,0,9,-20.4,90.1
train/wh_01436.jpg,train,2028-12-07,15:00,57,570,7,9,43.8,24,0,18,15,0,0,-18.5,85.5
train/wh_01437.jpg,train,2028-12-08,08:00,48,480,6,10,37.5,24,0,18,6,0,9,-22.2,88.3
train/wh_01438.jpg,train,2028-12-09,09:00,66,660,8,8,50.0,33,0,27,6,18,0,-21.4,78.8
train/wh_01439.jpg,train,2028-12-10,10:00,84,840,10,6,62.5,33,18,27,6,18,0,-18.4,87.3
train/wh_01440.jpg,train,2028-12-11,16:00,84,840,10,6,62.5,33,18,27,6,0,0,-19.5,82.9
train/wh_01441.jpg,train,2028-12-12,10:00,66,660,8,8,50.0,33,18,9,6,0,18,-20.8,84.5
train/wh_01442.jpg,train,2028-12-13,10:00,78,780,10,6,62.5,33,30,9,6,12,0,-20.1,83.7
train/wh_01443.jpg,train,2028-12-14,10:00,81,810,10,6,62.5,27,15,18,21,24,21,-19.3,83.7
train/wh_01444.jpg,train,2028-12-15,14:00,105,1050,13,3,81.2,27,30,27,21,24,0,-19.2,81.0
val/wh_01445.jpg,val,2028-12-16,08:00,93,930,12,4,75.0,27,30,24,12,0,12,-22.4,82.4
train/wh_01446.jpg,train,2028-12-17,15:00,72,720,10,6,62.5,9,30,21,12,0,21,-21.3,89.2
val/wh_01447.jpg,val,2028-12-18,16:00,72,720,10,6,62.5,9,30,21,12,0,0,-19.3,79.5
train/wh_01448.jpg,train,2028-12-19,14:00,72,720,10,6,62.5,9,30,21,12,0,0,-20.7,81.8
train/wh_01449.jpg,train,2028-12-20,09:00,66,660,9,7,56.2,9,30,21,6,0,6,-18.5,90.9
train/wh_01450.jpg,train,2028-12-21,10:00,57,570,8,8,50.0,9,30,12,6,0,9,-22.3,89.5
train/wh_01451.jpg,train,2028-12-22,08:00,48,480,7,9,43.8,0,30,12,6,0,9,-21.2,79.0
test/wh_01452.jpg,test,2028-12-23,09:00,48,480,7,9,43.8,0,30,12,6,0,0,-19.2,91.2
val/wh_01453.jpg,val,2028-12-24,09:00,48,480,7,9,43.8,0,30,12,6,0,0,-19.2,86.6
train/wh_01454.jpg,train,2028-12-25,16:00,27,270,4,12,25.0,0,21,0,6,0,21,-20.5,91.3
train/wh_01455.jpg,train,2028-12-26,10:00,42,420,6,10,37.5,0,21,15,6,15,0,-16.4,86.4
train/wh_01456.jpg,train,2028-12-27,09:00,51,510,7,9,43.8,9,21,15,6,9,0,-18.8,84.9
train/wh_01457.jpg,train,2028-12-28,09:00,42,420,6,10,37.5,0,21,15,6,0,9,-21.2,80.6
train/wh_01458.jpg,train,2028-12-29,14:00,45,450,6,10,37.5,0,21,15,9,9,6,-20.6,90.4
train/wh_01459.jpg,train,2028-12-30,10:00,48,480,7,9,43.8,6,21,12,9,6,3,-20.8,85.2
train/wh_01460.jpg,train,2028-12-31,15:00,81,810,12,4,75.0,21,24,12,24,33,0,-19.5,87.5
val/wh_01461.jpg,val,2029-01-01,09:00,75,750,11,5,68.8,15,24,12,24,0,6,-19.6,78.4
train/wh_01462.jpg,train,2029-01-02,09:00,60,600,9,7,56.2,15,18,12,15,0,15,-19.9,85.5
test/wh_01463.jpg,test,2029-01-03,10:00,78,780,12,4,75.0,21,24,15,18,24,6,-21.4,87.0
train/wh_01464.jpg,train,2029-01-04,10:00,84,840,12,4,75.0,30,15,12,27,18,12,-20.5,80.0
train/wh_01465.jpg,train,2029-01-05,16:00,84,840,12,4,75.0,30,15,12,27,0,0,-22.6,81.0
train/wh_01466.jpg,train,2029-01-06,15:00,84,840,12,4,75.0,30,15,21,18,9,9,-19.9,82.1
train/wh_01467.jpg,train,2029-01-07,16:00,75,750,11,5,68.8,30,15,21,9,0,9,-19.6,84.4
train/wh_01468.jpg,train,2029-01-08,15:00,87,870,13,3,81.2,30,15,21,21,12,0,-21.1,88.9
val/wh_01469.jpg,val,2029-01-09,16:00,69,690,11,5,68.8,24,15,15,15,0,18,-20.2,79.2
train/wh_01470.jpg,train,2029-01-10,08:00,78,780,12,4,75.0,24,15,15,24,9,0,-20.9,87.5
train/wh_01471.jpg,train,2029-01-11,15:00,75,750,12,4,75.0,24,12,15,24,0,3,-20.4,88.3
train/wh_01472.jpg,train,2029-01-12,15:00,75,750,12,4,75.0,24,12,15,24,0,0,-20.6,79.0
train/wh_01473.jpg,train,2029-01-13,09:00,78,780,13,3,81.2,24,21,18,15,12,9,-20.4,82.6
train/wh_01474.jpg,train,2029-01-14,10:00,78,780,13,3,81.2,24,21,18,15,0,0,-19.1,81.3
train/wh_01475.jpg,train,2029-01-15,16:00,75,750,12,4,75.0,24,18,18,15,0,3,-19.6,81.2
test/wh_01476.jpg,test,2029-01-16,09:00,75,750,12,4,75.0,24,18,18,15,0,0,-20.7,88.1
train/wh_01477.jpg,train,2029-01-17,10:00,69,690,11,5,68.8,24,12,18,15,0,6,-19.5,87.0
train/wh_01478.jpg,train,2029-01-18,09:00,69,690,11,5,68.8,24,12,18,15,15,15,-21.6,87.4
train/wh_01479.jpg,train,2029-01-19,10:00,66,660,11,5,68.8,24,12,15,15,6,9,-19.6,81.8
train/wh_01480.jpg,train,2029-01-20,14:00,57,570,10,6,62.5,15,12,15,15,0,9,-18.5,91.4
train/wh_01481.jpg,train,2029-01-21,08:00,51,510,10,6,62.5,15,12,12,12,0,6,-19.2,87.8
val/wh_01482.jpg,val,2029-01-22,14:00,51,510,10,6,62.5,15,12,12,12,0,0,-21.6,91.1
val/wh_01483.jpg,val,2029-01-23,10:00,48,480,9,7,56.2,15,12,12,9,3,6,-17.8,85.8
val/wh_01484.jpg,val,2029-01-24,10:00,48,480,9,7,56.2,15,12,12,9,0,0,-18.8,80.8
train/wh_01485.jpg,train,2029-01-25,16:00,48,480,9,7,56.2,6,12,12,18,9,9,-20.6,83.4
train/wh_01486.jpg,train,2029-01-26,14:00,72,720,12,4,75.0,15,12,9,36,27,3,-20.4,80.2
train/wh_01487.jpg,train,2029-01-27,09:00,69,690,12,4,75.0,6,12,15,36,6,9,-19.0,79.0
train/wh_01488.jpg,train,2029-01-28,15:00,66,660,12,4,75.0,6,18,15,27,6,9,-18.0,84.4
train/wh_01489.jpg,train,2029-01-29,14:00,51,510,10,6,62.5,6,18,12,15,9,24,-19.9,86.7
train/wh_01490.jpg,train,2029-01-30,15:00,42,420,8,8,50.0,6,18,3,15,0,9,-21.1,79.1
test/wh_01491.jpg,test,2029-01-31,14:00,39,390,8,8,50.0,15,9,3,12,9,12,-19.6,79.9
test/wh_01492.jpg,test,2029-02-01,09:00,45,450,9,7,56.2,15,6,3,21,9,3,-21.5,80.7
train/wh_01493.jpg,train,2029-02-02,08:00,36,360,8,8,50.0,6,6,3,21,0,9,-18.9,87.8
val/wh_01494.jpg,val,2029-02-03,09:00,42,420,9,7,56.2,6,6,9,21,6,0,-19.7,80.3
test/wh_01495.jpg,test,2029-02-04,09:00,27,270,6,10,37.5,3,6,9,9,0,15,-20.7,78.5
train/wh_01496.jpg,train,2029-02-05,09:00,24,240,5,11,31.2,3,6,6,9,0,3,-20.6,87.7
train/wh_01497.jpg,train,2029-02-06,09:00,30,300,6,10,37.5,9,6,6,9,6,0,-18.6,90.7
train/wh_01498.jpg,train,2029-02-07,08:00,45,450,8,8,50.0,3,15,6,21,24,9,-19.7,90.6
train/wh_01499.jpg,train,2029-02-08,09:00,45,450,7,9,43.8,3,12,15,15,9,9,-22.7,79.6
